audio_file,segment_id,start,end,duration,predicted_command
01_04_25_10_20_56_000.wav,01_04_25_10_20_56_000_0001,2.84909,3.854450155870146,1.0053601558701462,yawright
01_04_25_10_20_56_000.wav,01_04_25_10_20_56_000_0002,6.64597,7.0783348521392,0.4323648521391998,none
01_04_25_10_20_56_000.wav,01_04_25_10_20_56_000_0003,8.036808807453864,8.410522388628976,0.373713581175112,forward
01_04_25_10_20_56_000.wav,01_04_25_10_20_56_000_0004,11.413514818086565,11.996068341683062,0.5825535235964985,none
01_04_25_10_20_56_000.wav,01_04_25_10_20_56_000_0005,12.644571320781049,13.238041574091168,0.5934702533101177,none
01_04_25_10_20_56_000.wav,01_04_25_10_20_56_000_0006,13.238041574091168,13.424973210882015,0.1869316367908506,up
01_04_25_10_20_56_000.wav,01_04_25_10_20_56_000_0007,16.07909,16.34540037692857,0.266310376928569,backward
01_04_25_10_20_56_000.wav,01_04_25_10_20_56_000_0008,16.34540037692857,16.505415707595407,0.1600153306668374,up
01_04_25_10_20_56_000.wav,01_04_25_10_20_56_000_0009,25.20847,25.61725332516764,0.4087833251676436,none
01_04_25_10_20_56_000.wav,01_04_25_10_20_56_000_0010,25.61725332516764,26.06909,0.4518366748323572,left
01_04_25_10_20_56_000.wav,01_04_25_10_20_56_000_0011,29.79847,30.15303304260277,0.354563042602777,none
01_04_25_10_20_56_000.wav,01_04_25_10_20_56_000_0012,30.15303304260277,30.65909,0.5060569573972238,left
01_04_25_10_20_56_000.wav,01_04_25_10_20_56_000_0013,41.173697396315184,41.58038570524104,0.4066883089258581,forward
01_04_25_10_20_56_000.wav,01_04_25_10_20_56_000_0014,42.87242624971519,43.6658488929423,0.7934226432271103,none
01_04_25_10_20_56_000.wav,01_04_25_10_20_56_000_0015,43.6658488929423,44.05951644874201,0.3936675557997091,down
01_04_25_10_20_56_000.wav,01_04_25_10_20_56_000_0016,46.55450479420404,47.35457033791626,0.8000655437122148,none
01_04_25_10_20_56_000.wav,01_04_25_10_20_56_000_0017,47.35457033791626,47.85472,0.5001496620837429,left
01_04_25_10_20_56_000.wav,01_04_25_10_20_56_000_0018,50.10453183186073,50.786009538709465,0.6814777068487317,none
01_04_25_10_20_56_000.wav,01_04_25_10_20_56_000_0019,51.03047280882254,51.31360518272138,0.2831323738988445,forward
01_04_25_10_20_56_000.wav,01_04_25_10_20_56_000_0020,52.78222,53.15347,0.3712499999999963,none
01_04_25_10_20_56_001.wav,01_04_25_10_20_56_001_0001,2.49472,3.49034,0.9956200000000002,yawright
01_04_25_10_20_56_001.wav,01_04_25_10_20_56_001_0002,7.00842703392483,7.531240218621336,0.5228131846965063,none
01_04_25_10_20_56_001.wav,01_04_25_10_20_56_001_0003,8.390147593479883,8.912960778176389,0.5228131846965063,forward
01_04_25_10_20_56_001.wav,01_04_25_10_20_56_001_0004,11.45534,11.91097,0.4556300000000011,down
01_04_25_10_20_56_001.wav,01_04_25_10_20_56_001_0005,14.86409,15.727234854108325,0.8631448541083238,none
01_04_25_10_20_56_001.wav,01_04_25_10_20_56_001_0006,15.727234854108325,16.419064358461945,0.6918295043536222,right
01_04_25_10_20_56_001.wav,01_04_25_10_20_56_001_0007,17.016565140972236,17.49349151376522,0.4769263727929846,none
01_04_25_10_20_56_001.wav,01_04_25_10_20_56_001_0008,18.0941,18.4941,0.3999999999999986,forward
01_04_25_10_20_56_001.wav,01_04_25_10_20_56_001_0009,22.52534,23.28917033680609,0.763830336806091,none
01_04_25_10_20_56_001.wav,01_04_25_10_20_56_001_0010,23.28917033680609,23.52675083823928,0.237580501433186,up
01_04_25_10_20_56_001.wav,01_04_25_10_20_56_001_0011,27.06472,27.95702576203772,0.8923057620377186,none
01_04_25_10_20_56_001.wav,01_04_25_10_20_56_001_0012,27.95702576203772,28.373894559556486,0.4168687975187666,left
01_04_25_10_20_56_001.wav,01_04_25_10_20_56_001_0013,30.82784,31.045905498357875,0.2180654983578769,none
01_04_25_10_20_56_001.wav,01_04_25_10_20_56_001_0014,31.62848492839108,32.1236774439193,0.4951925155282204,none
01_04_25_10_20_56_001.wav,01_04_25_10_20_56_001_0015,33.19173973231351,33.69659,0.5048502676864928,forward
01_04_25_10_20_56_002.wav,01_04_25_10_20_56_002_0001,2.22472,3.32159,1.09687,yawright
01_04_25_10_20_56_002.wav,01_04_25_10_20_56_002_0002,5.65034,5.962800664531817,0.3124606645318168,none
01_04_25_10_20_56_002.wav,01_04_25_10_20_56_002_0003,7.044796764303271,7.357602250618982,0.3128054863157112,forward
01_04_25_10_20_56_002.wav,01_04_25_10_20_56_002_0004,12.168508692911274,13.058827005020651,0.890318312109379,none
01_04_25_10_20_56_002.wav,01_04_25_10_20_56_002_0005,13.058827005020651,13.475875212641045,0.4170482076203896,left
01_04_25_10_20_56_002.wav,01_04_25_10_20_56_002_0006,14.695014543922788,15.047923297714872,0.3529087537920841,none
01_04_25_10_20_56_002.wav,01_04_25_10_20_56_002_0007,18.59347,19.12796190339402,0.5344919033940201,none
01_04_25_10_20_56_002.wav,01_04_25_10_20_56_002_0008,19.12796190339402,19.374741211471065,0.2467793080770448,up
01_04_25_10_20_56_002.wav,01_04_25_10_20_56_002_0009,22.49159,22.828081899527668,0.3364918995276689,forward
01_04_25_10_20_56_002.wav,01_04_25_10_20_56_002_0010,27.34661686575342,27.618071129183203,0.2714542634297849,none
01_04_25_10_20_56_002.wav,01_04_25_10_20_56_002_0011,27.618071129183203,27.969011731978792,0.350940602795589,down
01_04_25_10_20_56_002.wav,01_04_25_10_20_56_002_0012,31.737054348872856,32.13037875745496,0.3933244085821066,none
01_04_25_10_20_56_002.wav,01_04_25_10_20_56_002_0013,32.13037875745496,32.53668081985918,0.4063020624042153,left
01_04_25_10_20_56_002.wav,01_04_25_10_20_56_002_0014,40.1391,40.5791,0.4399999999999977,none
01_04_25_10_20_56_002.wav,01_04_25_10_20_56_002_0015,41.6191,42.435179151541234,0.8160791515412313,none
01_04_25_10_20_56_002.wav,01_04_25_10_20_56_002_0016,42.435179151541234,42.62601951102054,0.1908403594793029,up
01_04_25_10_20_56_002.wav,01_04_25_10_20_56_002_0017,45.3329291929949,46.0166,0.6836708070050932,none
01_04_25_10_20_56_002.wav,01_04_25_10_20_56_002_0018,46.3866,46.83497611730638,0.4483761173063811,none
01_04_25_10_20_56_002.wav,01_04_25_10_20_56_002_0019,47.4766,47.82125994110126,0.3446599411012627,forward
01_04_25_10_20_56_003.wav,01_04_25_10_20_56_003_0001,1.12784,1.70159,0.57375,forward
01_04_25_10_20_56_003.wav,01_04_25_10_20_56_003_0002,5.17784,5.58738262466253,0.4095426246625306,none
01_04_25_10_20_56_003.wav,01_04_25_10_20_56_003_0003,5.58738262466253,6.03847,0.4510873753374698,right
01_04_25_10_20_56_003.wav,01_04_25_10_20_56_003_0004,8.75534,9.32909,0.5737500000000004,none
01_04_25_10_20_56_003.wav,01_04_25_10_20_56_003_0005,10.5956164780267,10.99043474646956,0.3948182684428616,down
01_04_25_10_20_56_003.wav,01_04_25_10_20_56_003_0006,14.56034,15.16784,0.6074999999999999,none
01_04_25_10_20_56_003.wav,01_04_25_10_20_56_003_0007,16.66972,17.09159,0.4218699999999984,forward
01_04_25_10_20_56_003.wav,01_04_25_10_20_56_003_0008,22.93864277673247,23.2772,0.3385572232675322,none
01_04_25_10_20_56_003.wav,01_04_25_10_20_56_003_0009,24.9672,25.281803369882493,0.3146033698824944,none
01_04_25_10_20_56_003.wav,01_04_25_10_20_56_003_0010,25.281803369882493,25.76534,0.4835366301175057,left
01_04_25_10_20_56_003.wav,01_04_25_10_20_56_003_0011,28.51597,28.963815523801983,0.447845523801984,none
01_04_25_10_20_56_003.wav,01_04_25_10_20_56_003_0012,29.866,29.956,0.0899999999999998,none
01_04_25_10_20_56_003.wav,01_04_25_10_20_56_003_0013,30.01130646849178,30.30626329360083,0.2949568251090468,forward
01_04_25_10_20_56_004.wav,01_04_25_10_20_56_004_0001,1.44847,2.54534,1.09687,yawright
01_04_25_10_20_56_004.wav,01_04_25_10_20_56_004_0002,7.11847,7.4685,0.3500299999999994,none
01_04_25_10_20_56_004.wav,01_04_25_10_20_56_004_0003,8.526116181684312,8.94097,0.414853818315688,forward
01_04_25_10_20_56_004.wav,01_04_25_10_20_56_004_0004,13.34534,13.81187398501747,0.4665339850174703,none
01_04_25_10_20_56_004.wav,01_04_25_10_20_56_004_0005,13.81187398501747,13.975362172345804,0.1634881873283333,up
01_04_25_10_20_56_004.wav,01_04_25_10_20_56_004_0006,16.70347,17.54722,0.84375,left
01_04_25_10_20_56_004.wav,01_04_25_10_20_56_004_0007,20.09534,20.56692956584403,0.471589565844031,none
01_04_25_10_20_56_004.wav,01_04_25_10_20_56_004_0008,20.56692956584403,20.768885561955504,0.2019559961114723,down
01_04_25_10_20_56_004.wav,01_04_25_10_20_56_004_0009,22.50847,23.004826947475348,0.4963569474753484,none
01_04_25_10_20_56_004.wav,01_04_25_10_20_56_004_0010,24.33560540194432,24.68181568099255,0.3462102790482326,forward
01_04_25_10_20_56_005.wav,01_04_25_10_20_56_005_0001,1.523110872244345,1.8191,0.295989127755655,none
01_04_25_10_20_56_005.wav,01_04_25_10_20_56_005_0002,1.946058707325576,2.716559092038932,0.7705003847133556,yawright
01_04_25_10_20_56_005.wav,01_04_25_10_20_56_005_0003,8.0766,8.3566,0.2800000000000011,none
01_04_25_10_20_56_005.wav,01_04_25_10_20_56_005_0004,9.56191090590587,9.986054644176258,0.4241437382703878,none
01_04_25_10_20_56_005.wav,01_04_25_10_20_56_005_0005,9.986054644176258,10.27409,0.2880353558237409,down
01_04_25_10_20_56_005.wav,01_04_25_10_20_56_005_0006,12.686871152809516,13.247001518848034,0.5601303660385177,none
01_04_25_10_20_56_005.wav,01_04_25_10_20_56_005_0007,14.45843874145198,14.86409,0.4056512585480192,forward
01_04_25_10_20_56_005.wav,01_04_25_10_20_56_005_0008,18.7585,18.992006123857927,0.233506123857925,none
01_04_25_10_20_56_005.wav,01_04_25_10_20_56_005_0009,18.992006123857927,19.45409,0.4620838761420742,left
01_04_25_10_20_56_005.wav,01_04_25_10_20_56_005_0010,22.366398366793963,22.673221369846907,0.3068230030529442,forward
01_04_25_10_20_56_005.wav,01_04_25_10_20_56_005_0011,27.24775972062996,28.02659,0.778830279370041,none
01_04_25_13_22_03_000.wav,01_04_25_13_22_03_000_0001,0.03097,1.151,1.12003,none
01_04_25_13_22_03_000.wav,01_04_25_13_22_03_000_0002,1.151,2.331419408017041,1.180419408017041,yawright
01_04_25_13_22_03_000.wav,01_04_25_13_22_03_000_0003,4.174503109435435,4.7685,0.5939968905645658,forward
01_04_25_13_22_03_000.wav,01_04_25_13_22_03_000_0004,5.5385,5.9985,0.4599999999999999,up
01_04_25_13_22_03_000.wav,01_04_25_13_22_03_000_0005,5.9985,6.8485,0.8499999999999996,none
01_04_25_13_22_03_000.wav,01_04_25_13_22_03_000_0006,7.3085,7.5385,0.2299999999999995,none
01_04_25_13_22_03_000.wav,01_04_25_13_22_03_000_0007,7.5385,7.9985,0.4599999999999999,up
01_04_25_13_22_03_000.wav,01_04_25_13_22_03_000_0008,7.9985,8.3985,0.4000000000000003,up
01_04_25_13_22_03_000.wav,01_04_25_13_22_03_000_0009,8.3985,8.8685,0.4699999999999988,up
01_04_25_13_22_03_000.wav,01_04_25_13_22_03_000_0010,8.8685,9.3785,0.5100000000000016,up
01_04_25_13_22_03_000.wav,01_04_25_13_22_03_000_0011,9.3785,9.8485,0.4699999999999988,up
01_04_25_13_22_03_000.wav,01_04_25_13_22_03_000_0012,9.8485,10.74682106613765,0.8983210661376511,none
01_04_25_13_22_03_000.wav,01_04_25_13_22_03_000_0013,11.1685,12.026087295312191,0.8575872953121912,forward
01_04_25_13_22_03_000.wav,01_04_25_13_22_03_000_0014,13.90222,14.3122,0.4099800000000009,forward
01_04_25_13_22_03_000.wav,01_04_25_13_22_03_000_0015,14.3122,14.9522,0.6399999999999988,forward
01_04_25_13_22_03_000.wav,01_04_25_13_22_03_000_0016,15.0322,15.7322,0.7000000000000011,forward
01_04_25_13_22_03_000.wav,01_04_25_13_22_03_000_0017,16.5222,17.3022,0.7799999999999976,yawright
01_04_25_13_22_03_000.wav,01_04_25_13_22_03_000_0018,17.3022,17.8722,0.5700000000000003,left
01_04_25_13_22_03_000.wav,01_04_25_13_22_03_000_0019,18.5022,19.18400503553389,0.6818050355338912,none
01_04_25_13_22_03_000.wav,01_04_25_13_22_03_000_0020,19.3922,20.16241596854152,0.7702159685415211,forward
01_04_25_13_22_03_000.wav,01_04_25_13_22_03_000_0021,21.76597,22.61659374418233,0.8506237441823359,none
01_04_25_13_22_03_000.wav,01_04_25_13_22_03_000_0022,23.396,24.176,0.7799999999999976,yawright
01_04_25_13_22_03_000.wav,01_04_25_13_22_03_000_0023,24.176,24.72955417672352,0.553554176723523,left
01_04_25_13_22_03_000.wav,01_04_25_13_22_03_000_0024,26.119145424767773,26.5085,0.3893545752322289,forward
01_04_25_13_22_03_000.wav,01_04_25_13_22_03_000_0025,26.5085,27.3185,0.8099999999999987,none
01_04_25_13_22_03_000.wav,01_04_25_13_22_03_000_0026,27.8185,28.327648559723908,0.5091485597239078,none
01_04_25_13_22_03_001.wav,01_04_25_13_22_03_001_0001,0.701,0.901,0.2,none
01_04_25_13_22_03_001.wav,01_04_25_13_22_03_001_0002,1.1786862886788267,2.111,0.9323137113211736,yawleft
01_04_25_13_22_03_001.wav,01_04_25_13_22_03_001_0003,2.111,2.751,0.6399999999999997,yawleft
01_04_25_13_22_03_001.wav,01_04_25_13_22_03_001_0004,2.751,3.9573342696970935,1.2063342696970936,yawleft
01_04_25_13_22_03_001.wav,01_04_25_13_22_03_001_0005,4.721,5.554530080911889,0.8335300809118893,none
01_04_25_13_22_03_001.wav,01_04_25_13_22_03_001_0006,6.001,6.401,0.3999999999999994,none
01_04_25_13_22_03_001.wav,01_04_25_13_22_03_001_0007,6.48770713849735,6.891,0.4032928615026501,down
01_04_25_13_22_03_001.wav,01_04_25_13_22_03_001_0008,6.891,7.437142639850752,0.5461426398507516,none
01_04_25_13_22_03_001.wav,01_04_25_13_22_03_001_0009,8.665094321571836,9.434125783771371,0.7690314621995373,none
01_04_25_13_22_03_001.wav,01_04_25_13_22_03_001_0010,10.028192415946677,10.980326607241343,0.9521341912946664,none
01_04_25_13_22_03_001.wav,01_04_25_13_22_03_001_0011,12.415370666073224,13.237298472233574,0.8219278061603514,forward
01_04_25_13_22_03_001.wav,01_04_25_13_22_03_001_0012,15.82597,17.706,1.88003,none
01_04_25_13_22_03_001.wav,01_04_25_13_22_03_001_0013,17.706,18.412747337524408,0.7067473375244084,none
01_04_25_13_22_03_001.wav,01_04_25_13_22_03_001_0014,18.797586342857716,19.7353,0.937713657142286,none
01_04_25_13_22_03_001.wav,01_04_25_13_22_03_001_0015,19.7353,20.457717753320207,0.7224177533202081,yawleft
01_04_25_13_22_03_001.wav,01_04_25_13_22_03_001_0016,22.5928,23.0928,0.5,none
01_04_25_13_22_03_001.wav,01_04_25_13_22_03_001_0017,24.05055328599863,24.96606693147427,0.915513645475638,forward
01_04_25_13_22_03_001.wav,01_04_25_13_22_03_001_0018,27.4866,28.1866,0.6999999999999993,yawleft
01_04_25_13_22_03_001.wav,01_04_25_13_22_03_001_0019,28.1866,29.006902986405077,0.8203029864050748,yawleft
01_04_25_13_22_03_001.wav,01_04_25_13_22_03_001_0020,30.143873545766382,30.937318705178605,0.7934451594122223,forward
01_04_25_13_22_03_001.wav,01_04_25_13_22_03_001_0021,32.69429519622285,33.20698283768921,0.512687641466357,none
01_04_25_13_22_03_001.wav,01_04_25_13_22_03_001_0022,33.38194766771344,33.6822,0.3002523322865613,forward
01_04_25_13_22_03_001.wav,01_04_25_13_22_03_001_0023,33.6822,34.85083845000991,1.168638450009908,none
01_04_25_13_22_03_001.wav,01_04_25_13_22_03_001_0024,35.0022,35.6622,0.6599999999999966,forward
01_04_25_13_22_03_001.wav,01_04_25_13_22_03_001_0025,35.6622,36.30345343416459,0.6412534341645895,yawleft
01_04_25_13_22_03_001.wav,01_04_25_13_22_03_001_0026,38.36426384015152,38.6872,0.3229361598484743,forward
01_04_25_13_22_03_001.wav,01_04_25_13_22_03_001_0027,38.6872,39.3172,0.6300000000000026,none
01_04_25_13_22_03_001.wav,01_04_25_13_22_03_001_0028,40.4572,40.720185621175496,0.2629856211754955,none
01_04_25_13_22_03_002.wav,01_04_25_13_22_03_002_0001,0.671,0.9468001787919924,0.2758001787919922,none
01_04_25_13_22_03_002.wav,01_04_25_13_22_03_002_0002,0.9468001787919924,2.311,1.3641998212080075,yawright
01_04_25_13_22_03_002.wav,01_04_25_13_22_03_002_0003,2.311,2.8674858625276483,0.5564858625276483,none
01_04_25_13_22_03_002.wav,01_04_25_13_22_03_002_0004,4.131639345426484,4.5866,0.4549606545735161,none
01_04_25_13_22_03_002.wav,01_04_25_13_22_03_002_0005,4.5866,5.295266438492611,0.7086664384926111,none
01_04_25_13_22_03_002.wav,01_04_25_13_22_03_002_0006,7.232241432619657,8.227633283314777,0.9953918506951204,none
01_04_25_13_22_03_002.wav,01_04_25_13_22_03_002_0007,9.1835,9.5735,0.3899999999999988,none
01_04_25_13_22_03_002.wav,01_04_25_13_22_03_002_0008,9.715503131429214,10.528640136222412,0.8131370047931981,forward
01_04_25_13_22_03_002.wav,01_04_25_13_22_03_002_0009,12.51847,12.8485,0.3300299999999989,none
01_04_25_13_22_03_002.wav,01_04_25_13_22_03_002_0010,12.8485,13.2085,0.3600000000000012,forward
01_04_25_13_22_03_002.wav,01_04_25_13_22_03_002_0011,13.2085,13.5685,0.3599999999999994,forward
01_04_25_13_22_03_002.wav,01_04_25_13_22_03_002_0012,13.5685,13.9085,0.3399999999999998,forward
01_04_25_13_22_03_002.wav,01_04_25_13_22_03_002_0013,13.9385,14.518316404149704,0.5798164041497031,none
01_04_25_13_22_03_002.wav,01_04_25_13_22_03_002_0014,14.9085,15.3585,0.4499999999999993,down
01_04_25_13_22_03_002.wav,01_04_25_13_22_03_002_0015,15.3585,15.8785,0.5200000000000014,none
01_04_25_13_22_03_002.wav,01_04_25_13_22_03_002_0016,16.9585,17.64763236410709,0.6891323641070883,forward
01_04_25_13_22_03_002.wav,01_04_25_13_22_03_002_0017,19.7688858115021,20.16284,0.3939541884979007,none
01_04_25_13_22_03_003.wav,01_04_25_13_22_03_003_0001,0.381,0.6192419159396529,0.2382419159396529,none
01_04_25_13_22_03_003.wav,01_04_25_13_22_03_003_0002,0.6192419159396529,1.756815282697838,1.137573366758185,yawright
01_04_25_13_22_03_003.wav,01_04_25_13_22_03_003_0003,4.437264257340062,5.380380638327617,0.9431163809875552,none
01_04_25_13_22_03_003.wav,01_04_25_13_22_03_003_0004,6.151726681884449,6.6241,0.4723733181155509,down
01_04_25_13_22_03_003.wav,01_04_25_13_22_03_003_0005,6.6241,7.1341,0.5099999999999998,none
01_04_25_13_22_03_003.wav,01_04_25_13_22_03_003_0006,8.30390084518313,9.4478,1.1438991548168715,none
01_04_25_13_22_03_003.wav,01_04_25_13_22_03_003_0007,9.8078,10.52477993366661,0.7169799336666092,none
01_04_25_13_22_03_003.wav,01_04_25_13_22_03_003_0008,11.0378,11.8578,0.8199999999999985,forward
01_04_25_13_22_03_003.wav,01_04_25_13_22_03_003_0009,12.8278,13.1578,0.33,none
01_04_25_13_22_03_003.wav,01_04_25_13_22_03_003_0010,13.1578,13.4878,0.33,forward
01_04_25_13_22_03_003.wav,01_04_25_13_22_03_003_0011,13.4878,13.7978,0.3100000000000005,yawright
01_04_25_13_22_03_003.wav,01_04_25_13_22_03_003_0012,13.7978,14.0978,0.2999999999999989,forward
01_04_25_13_22_03_003.wav,01_04_25_13_22_03_003_0013,14.0978,14.3978,0.3000000000000007,none
01_04_25_13_22_03_003.wav,01_04_25_13_22_03_003_0014,14.3978,14.9178,0.5199999999999996,forward
01_04_25_13_22_03_003.wav,01_04_25_13_22_03_003_0015,15.8978,16.5378,0.6400000000000006,forward
01_04_25_13_22_03_003.wav,01_04_25_13_22_03_003_0016,18.1578,19.1678,1.009999999999998,yawleft
01_04_25_13_22_03_003.wav,01_04_25_13_22_03_003_0017,19.1678,19.7478,0.5800000000000018,left
01_04_25_13_22_03_003.wav,01_04_25_13_22_03_003_0018,20.7678,21.1478,0.379999999999999,none
01_04_25_13_22_03_003.wav,01_04_25_13_22_03_003_0019,21.1478,21.3278,0.1799999999999997,up
01_04_25_13_22_03_003.wav,01_04_25_13_22_03_003_0020,21.3278,21.4178,0.0899999999999998,none
01_04_25_13_22_03_003.wav,01_04_25_13_22_03_003_0021,21.5578,22.2178,0.6600000000000001,none
01_04_25_13_22_03_003.wav,01_04_25_13_22_03_003_0022,22.8678,23.2078,0.3399999999999998,forward
01_04_25_13_22_03_003.wav,01_04_25_13_22_03_003_0023,23.3978,23.7778,0.379999999999999,none
01_04_25_13_22_03_003.wav,01_04_25_13_22_03_003_0024,23.9978,24.3778,0.379999999999999,forward
01_04_25_13_22_03_003.wav,01_04_25_13_22_03_003_0025,24.3778,25.1578,0.7800000000000011,none
01_04_25_13_22_03_003.wav,01_04_25_13_22_03_003_0026,25.3978,25.828945921383347,0.4311459213833473,none
01_04_25_13_22_03_004.wav,01_04_25_13_22_03_004_0001,0.0,1.06034,1.06034,yawleft
01_04_25_13_22_03_004.wav,01_04_25_13_22_03_004_0002,2.86597,3.926,1.0600300000000002,none
01_04_25_13_22_03_004.wav,01_04_25_13_22_03_004_0003,4.703855607247691,5.776835979486001,1.0729803722383098,none
01_04_25_13_22_03_004.wav,01_04_25_13_22_03_004_0004,6.336,7.146,0.8099999999999996,forward
01_04_25_13_22_03_004.wav,01_04_25_13_22_03_004_0005,7.856,8.156,0.3000000000000007,none
01_04_25_13_22_03_004.wav,01_04_25_13_22_03_004_0006,8.156,8.566,0.4100000000000001,forward
01_04_25_13_22_03_004.wav,01_04_25_13_22_03_004_0007,8.736,9.206,0.4699999999999988,none
01_04_25_13_22_03_004.wav,01_04_25_13_22_03_004_0008,9.206,9.696,0.4900000000000002,forward
01_04_25_13_22_03_004.wav,01_04_25_13_22_03_004_0009,9.696,10.326,0.6300000000000008,down
01_04_25_13_22_03_004.wav,01_04_25_13_22_03_004_0010,10.756,11.651883019552033,0.8958830195520324,none
01_04_25_13_22_03_004.wav,01_04_25_13_22_03_004_0011,12.206,13.146,0.9400000000000012,backward
01_04_25_13_22_03_004.wav,01_04_25_13_22_03_004_0012,13.146,13.573202116313894,0.427202116313893,none
01_04_25_13_22_03_004.wav,01_04_25_13_22_03_004_0013,13.573202116313894,14.133169789376216,0.5599676730623209,left
01_04_25_13_22_03_004.wav,01_04_25_13_22_03_004_0014,15.214334934209983,15.891684146986398,0.6773492127764147,none
01_04_25_13_22_03_004.wav,01_04_25_13_22_03_004_0015,16.09064008823177,16.585181985060004,0.4945418968282347,none
01_04_25_13_22_03_004.wav,01_04_25_13_22_03_004_0016,17.106773017704587,17.4778,0.3710269822954117,up
01_04_25_13_22_03_004.wav,01_04_25_13_22_03_004_0017,17.4778,17.997718147009927,0.5199181470099283,none
01_04_25_13_22_03_004.wav,01_04_25_13_22_03_004_0018,19.19516892186792,20.04719831482078,0.8520293929528577,none
01_04_25_13_22_03_004.wav,01_04_25_13_22_03_004_0019,20.8041,21.35460437155495,0.5505043715549505,none
01_04_25_13_22_03_004.wav,01_04_25_13_22_03_004_0020,21.505098693679773,22.25534,0.7502413063202269,forward
01_04_25_13_22_03_004.wav,01_04_25_13_22_03_004_0021,23.73305710253104,24.24829533259966,0.515238230068622,none
01_04_25_13_22_03_004.wav,01_04_25_13_22_03_004_0022,24.94341121643904,25.8066,0.8631887835609611,yawright
01_04_25_13_22_03_004.wav,01_04_25_13_22_03_004_0023,25.8066,26.374628522185212,0.5680285221852159,left
01_04_25_13_22_03_004.wav,01_04_25_13_22_03_004_0024,29.1235,29.5135,0.3900000000000005,none
01_04_25_13_22_03_004.wav,01_04_25_13_22_03_004_0025,29.8835,30.2435,0.3599999999999994,forward
01_04_25_13_22_03_004.wav,01_04_25_13_22_03_004_0026,30.2435,30.876867781789358,0.633367781789353,none
01_04_25_13_22_03_004.wav,01_04_25_13_22_03_004_0027,31.41731853205828,31.724653616660618,0.3073350846023359,forward
01_04_25_13_22_03_005.wav,01_04_25_13_22_03_005_0001,0.9237043808408404,1.1816,0.2578956191591596,none
01_04_25_13_22_03_005.wav,01_04_25_13_22_03_005_0002,1.4816,2.4016,0.9200000000000002,yawright
01_04_25_13_22_03_005.wav,01_04_25_13_22_03_005_0003,3.4916,4.1116,0.6200000000000001,none
01_04_25_13_22_03_005.wav,01_04_25_13_22_03_005_0004,4.8916,5.5116,0.6199999999999992,none
01_04_25_13_22_03_005.wav,01_04_25_13_22_03_005_0005,5.5116,5.9016,0.3900000000000005,forward
01_04_25_13_22_03_005.wav,01_04_25_13_22_03_005_0006,7.0416,7.3116,0.2700000000000004,none
01_04_25_13_22_03_005.wav,01_04_25_13_22_03_005_0007,7.3116,7.7616,0.4499999999999993,forward
01_04_25_13_22_03_005.wav,01_04_25_13_22_03_005_0008,7.7616,9.602774177259942,1.8411741772599424,none
01_04_25_13_22_03_005.wav,01_04_25_13_22_03_005_0009,10.2116,10.6716,0.4599999999999991,down
01_04_25_13_22_03_005.wav,01_04_25_13_22_03_005_0010,10.6716,11.206316372684576,0.5347163726845761,none
01_04_25_13_22_03_005.wav,01_04_25_13_22_03_005_0011,14.249407389197009,15.032580255324518,0.7831728661275097,none
01_04_25_13_22_03_005.wav,01_04_25_13_22_03_005_0012,16.1967313572797,16.851059655108813,0.6543282978291138,none
01_04_25_13_22_03_005.wav,01_04_25_13_22_03_005_0013,17.506507404061722,17.726301079394283,0.2197936753325606,none
01_04_25_13_22_03_005.wav,01_04_25_13_22_03_005_0014,17.7835,18.6735,0.8900000000000006,yawleft
01_04_25_13_22_03_005.wav,01_04_25_13_22_03_005_0015,18.6735,19.125949837899128,0.4524498378991275,left
01_04_25_13_22_03_005.wav,01_04_25_13_22_03_005_0016,20.826766521033505,21.1272,0.3004334789664966,none
01_04_25_13_22_03_005.wav,01_04_25_13_22_03_005_0017,21.1272,21.80699578573503,0.6797957857350312,forward
01_04_25_13_22_03_005.wav,01_04_25_13_22_03_005_0018,24.59458707266296,25.279848814386668,0.6852617417237106,none
01_04_25_16_08_00_000.wav,01_04_25_16_08_00_000_0001,1.4401740939393906,1.7799926923035945,0.3398185983642039,down
01_04_25_16_08_00_000.wav,01_04_25_16_08_00_000_0002,1.7799926923035945,2.0956887853828223,0.3156960930792278,none
01_04_25_16_08_00_000.wav,01_04_25_16_08_00_000_0003,3.9791,4.618108769024943,0.6390087690249429,none
01_04_25_16_08_00_000.wav,01_04_25_16_08_00_000_0004,4.618108769024943,5.461243593268203,0.8431348242432604,left
01_04_25_16_08_00_000.wav,01_04_25_16_08_00_000_0005,6.6916,7.995786076057373,1.3041860760573725,none
01_04_25_16_08_00_000.wav,01_04_25_16_08_00_000_0006,8.966305225907044,9.277271301768629,0.3109660758615824,none
01_04_25_16_08_00_000.wav,01_04_25_16_08_00_000_0007,13.176,13.956,0.7799999999999994,yawright
01_04_25_16_08_00_000.wav,01_04_25_16_08_00_000_0008,15.4678,15.8978,0.4299999999999997,none
01_04_25_16_08_00_000.wav,01_04_25_16_08_00_000_0009,17.0278,17.292358232004485,0.2645582320044859,down
01_04_25_16_08_00_000.wav,01_04_25_16_08_00_000_0010,17.292358232004485,17.5978,0.3054417679955143,yawright
01_04_25_16_08_00_000.wav,01_04_25_16_08_00_000_0011,19.754835259798888,20.328679874017684,0.5738446142187961,none
01_04_25_16_08_00_000.wav,01_04_25_16_08_00_000_0012,21.261,21.64627840163738,0.3852784016373825,none
01_04_25_16_08_00_000.wav,01_04_25_16_08_00_000_0013,22.131,22.45496867552947,0.3239686755294713,none
01_04_25_16_08_00_000.wav,01_04_25_16_08_00_000_0014,22.45496867552947,22.791,0.3360313244705288,forward
01_04_25_16_08_00_000.wav,01_04_25_16_08_00_000_0015,23.461,23.701,0.240000000000002,none
01_04_25_16_08_00_000.wav,01_04_25_16_08_00_000_0016,23.701,23.941,0.2399999999999984,forward
01_04_25_16_08_00_000.wav,01_04_25_16_08_00_000_0017,23.941,24.29789972599431,0.3568997259943103,down
01_04_25_16_08_00_000.wav,01_04_25_16_08_00_000_0018,26.359778977109222,27.626084131390925,1.266305154281703,none
01_04_25_16_08_00_000.wav,01_04_25_16_08_00_000_0019,28.3991,28.6491,0.25,down
01_04_25_16_08_00_000.wav,01_04_25_16_08_00_000_0020,28.6491,29.1191,0.4699999999999988,yawright
01_04_25_16_08_00_000.wav,01_04_25_16_08_00_000_0021,30.5291,30.827572152476257,0.2984721524762577,none
01_04_25_16_08_00_000.wav,01_04_25_16_08_00_000_0022,30.9491,31.1891,0.2399999999999984,forward
01_04_25_16_08_00_001.wav,01_04_25_16_08_00_001_0001,1.599381569647051,2.1124424564386337,0.5130608867915827,none
01_04_25_16_08_00_001.wav,01_04_25_16_08_00_001_0002,2.5491,2.670265117286032,0.1211651172860319,none
01_04_25_16_08_00_001.wav,01_04_25_16_08_00_001_0003,2.670265117286032,2.9591,0.2888348827139677,none
01_04_25_16_08_00_001.wav,01_04_25_16_08_00_001_0004,3.1291,3.87847,0.7493699999999999,none
01_04_25_16_08_00_001.wav,01_04_25_16_08_00_001_0005,7.995233689884285,8.414850497638225,0.4196168077539406,none
01_04_25_16_08_00_001.wav,01_04_25_16_08_00_001_0006,9.241581527575098,9.407312535679596,0.1657310081044976,none
01_04_25_16_08_00_001.wav,01_04_25_16_08_00_001_0007,9.407312535679596,9.775799564337468,0.3684870286578707,forward
01_04_25_16_08_00_001.wav,01_04_25_16_08_00_001_0008,12.5341,14.02097950171641,1.486879501716409,none
01_04_25_16_08_00_001.wav,01_04_25_16_08_00_001_0009,18.3872,18.8072,0.4200000000000017,none
01_04_25_16_08_00_001.wav,01_04_25_16_08_00_001_0010,19.9772,20.1872,0.2100000000000008,none
01_04_25_16_08_00_001.wav,01_04_25_16_08_00_001_0011,20.1872,20.837060276390805,0.6498602763908039,right
01_04_25_16_08_00_001.wav,01_04_25_16_08_00_001_0012,22.369480592461095,22.70094260867009,0.3314620162089916,none
01_04_25_16_08_00_001.wav,01_04_25_16_08_00_001_0013,25.36034,26.1103,0.749959999999998,yawright
01_04_25_16_08_00_001.wav,01_04_25_16_08_00_001_0014,26.2903,26.5703,0.2800000000000011,up
01_04_25_16_08_00_001.wav,01_04_25_16_08_00_001_0015,26.5703,27.05016229874312,0.4798622987431216,right
01_04_25_16_08_00_001.wav,01_04_25_16_08_00_001_0016,28.45088978626977,28.736511310875382,0.2856215246056202,none
01_04_25_16_08_00_001.wav,01_04_25_16_08_00_001_0017,30.223018625587518,30.4428,0.2197813744124843,none
01_04_25_16_08_00_001.wav,01_04_25_16_08_00_001_0018,31.1728,31.4728,0.3000000000000007,none
01_04_25_16_08_00_001.wav,01_04_25_16_08_00_001_0019,31.4728,31.78350343359728,0.3107034335972827,forward
01_04_25_16_08_00_001.wav,01_04_25_16_08_00_001_0020,33.619176232582184,33.9585,0.3393237674178166,forward
01_04_25_16_08_00_001.wav,01_04_25_16_08_00_001_0021,34.9285,35.2070978124484,0.2785978124483961,forward
01_04_25_16_08_00_001.wav,01_04_25_16_08_00_001_0022,35.2070978124484,35.5685,0.3614021875516044,right
01_04_25_16_08_00_001.wav,01_04_25_16_08_00_001_0023,35.6185,35.8085,0.1900000000000048,up
01_04_25_16_08_00_001.wav,01_04_25_16_08_00_001_0024,35.8085,36.20324695690627,0.3947469569062676,yawright
01_04_25_16_08_00_001.wav,01_04_25_16_08_00_001_0025,38.3335,38.5135,0.1799999999999997,none
01_04_25_16_08_00_001.wav,01_04_25_16_08_00_001_0026,38.5135,38.82418177892453,0.3106817789245326,forward
01_04_25_16_08_00_001.wav,01_04_25_16_08_00_001_0027,42.26832143921787,42.4285,0.1601785607821284,yawright
01_04_25_16_08_00_001.wav,01_04_25_16_08_00_001_0028,42.4285,42.7785,0.3500000000000014,forward
01_04_25_16_08_00_001.wav,01_04_25_16_08_00_001_0029,43.0785,43.45034,0.3718399999999988,none
01_04_25_16_08_00_002.wav,01_04_25_16_08_00_002_0001,1.07722,1.4172,0.3399799999999999,none
01_04_25_16_08_00_002.wav,01_04_25_16_08_00_002_0002,1.4172,1.7772,0.3599999999999999,forward
01_04_25_16_08_00_002.wav,01_04_25_16_08_00_002_0003,2.190258045791966,2.61284,0.422581954208034,left
01_04_25_16_08_00_002.wav,01_04_25_16_08_00_002_0004,4.9647,5.241825868286944,0.2771258682869444,yawright
01_04_25_16_08_00_002.wav,01_04_25_16_08_00_002_0005,9.1228,9.504811265670376,0.3820112656703767,none
01_04_25_16_08_00_002.wav,01_04_25_16_08_00_002_0006,10.8528,11.1928,0.3399999999999998,down
01_04_25_16_08_00_002.wav,01_04_25_16_08_00_002_0007,11.1928,11.5028,0.3100000000000005,up
01_04_25_16_08_00_002.wav,01_04_25_16_08_00_002_0008,14.1547,14.631853450940586,0.4771534509405857,none
01_04_25_16_08_00_002.wav,01_04_25_16_08_00_002_0009,15.9197,16.1642427522795,0.2445427522794983,none
01_04_25_16_08_00_002.wav,01_04_25_16_08_00_002_0010,16.1642427522795,16.406728905842932,0.2424861535634335,forward
01_04_25_16_08_00_002.wav,01_04_25_16_08_00_002_0011,16.406728905842932,16.8397,0.4329710941570681,forward
01_04_25_16_08_00_002.wav,01_04_25_16_08_00_002_0012,19.7235,20.29784,0.5743399999999994,none
01_04_25_16_08_00_002.wav,01_04_25_16_08_00_002_0013,24.7828,26.10556832274858,1.3227683227485798,none
01_04_25_16_08_00_002.wav,01_04_25_16_08_00_002_0014,26.8866,27.3266,0.4399999999999977,none
01_04_25_16_08_00_002.wav,01_04_25_16_08_00_002_0015,28.1766,28.7966,0.620000000000001,none
01_04_25_16_08_00_002.wav,01_04_25_16_08_00_002_0016,28.7966,29.3266,0.5299999999999976,right
01_04_25_16_08_00_002.wav,01_04_25_16_08_00_002_0017,31.36784,31.59724761956356,0.2294076195635561,down
01_04_25_16_08_00_002.wav,01_04_25_16_08_00_002_0018,31.59724761956356,32.54909,0.9518423804364424,none
01_04_25_16_08_00_002.wav,01_04_25_16_08_00_002_0019,34.2191,34.4091,0.1900000000000048,none
01_04_25_16_08_00_002.wav,01_04_25_16_08_00_002_0020,34.4091,34.74015524975708,0.3310552497570782,forward
01_04_25_16_08_00_002.wav,01_04_25_16_08_00_002_0021,36.4772,36.8072,0.3299999999999983,none
01_04_25_16_08_00_002.wav,01_04_25_16_08_00_002_0022,38.8191,39.0491,0.2300000000000039,none
01_04_25_16_08_00_002.wav,01_04_25_16_08_00_002_0023,39.0491,39.42825159832952,0.3791515983295213,right
01_04_25_16_08_00_003.wav,01_04_25_16_08_00_003_0001,1.4278,1.5678,0.1400000000000001,none
01_04_25_16_08_00_003.wav,01_04_25_16_08_00_003_0002,1.5678,2.19097,0.62317,yawright
01_04_25_16_08_00_003.wav,01_04_25_16_08_00_003_0003,6.0278,6.4278,0.4000000000000003,none
01_04_25_16_08_00_003.wav,01_04_25_16_08_00_003_0004,7.537909115771912,8.185798164220246,0.6478890484483344,up
01_04_25_16_08_00_003.wav,01_04_25_16_08_00_003_0005,9.4935,9.90964191039961,0.4161419103996113,none
01_04_25_16_08_00_003.wav,01_04_25_16_08_00_003_0006,10.96597,11.246,0.28003,none
01_04_25_16_08_00_003.wav,01_04_25_16_08_00_003_0007,11.246,11.65784,0.4118399999999997,forward
01_04_25_16_08_00_003.wav,01_04_25_16_08_00_003_0008,15.486001142164591,16.057930784932775,0.5719296427681844,none
01_04_25_16_08_00_003.wav,01_04_25_16_08_00_003_0009,16.2447,16.6747,0.4299999999999997,none
01_04_25_16_08_00_003.wav,01_04_25_16_08_00_003_0010,18.0947,18.4447,0.3500000000000014,forward
01_04_25_16_08_00_003.wav,01_04_25_16_08_00_003_0011,18.7547,19.1847,0.4299999999999997,none
01_04_25_16_08_00_003.wav,01_04_25_16_08_00_003_0012,19.1847,19.4747,0.2899999999999991,forward
01_04_25_16_08_00_003.wav,01_04_25_16_08_00_003_0013,21.3435,21.89164730344284,0.5481473034428426,none
01_04_25_16_08_00_003.wav,01_04_25_16_08_00_003_0014,23.1735,23.6135,0.4399999999999977,none
01_04_25_16_08_00_003.wav,01_04_25_16_08_00_003_0015,24.2835,24.7435,0.4600000000000008,forward
01_04_25_16_08_00_004.wav,01_04_25_16_08_00_004_0001,1.4785,1.677395901234462,0.198895901234462,none
01_04_25_16_08_00_004.wav,01_04_25_16_08_00_004_0002,1.677395901234462,2.0114131350258964,0.3340172337914344,forward
01_04_25_16_08_00_004.wav,01_04_25_16_08_00_004_0003,8.350490194387227,8.973614781796458,0.6231245874092313,none
01_04_25_16_08_00_004.wav,01_04_25_16_08_00_004_0004,9.8903,10.2303,0.3399999999999998,down
01_04_25_16_08_00_004.wav,01_04_25_16_08_00_004_0005,10.2303,10.799211381215336,0.5689113812153348,yawright
01_04_25_16_08_00_004.wav,01_04_25_16_08_00_004_0006,13.334324462625098,14.191,0.8566755373749029,none
01_04_25_16_08_00_004.wav,01_04_25_16_08_00_004_0007,14.191,14.831,0.6399999999999988,left
01_04_25_16_08_00_004.wav,01_04_25_16_08_00_004_0008,17.2091,17.818600374582548,0.6095003745825487,none
01_04_25_16_08_00_004.wav,01_04_25_16_08_00_004_0009,18.929572255987598,19.600413591081317,0.6708413350937192,none
01_04_25_16_08_00_004.wav,01_04_25_16_08_00_004_0010,21.04034,21.936863232986976,0.8965232329869757,none
01_04_25_16_08_00_004.wav,01_04_25_16_08_00_004_0011,22.3803,22.827766731180706,0.4474667311807039,forward
01_04_25_16_08_00_004.wav,01_04_25_16_08_00_004_0012,26.33862908561045,27.39120440218009,1.0525753165696443,none
01_04_25_16_08_00_004.wav,01_04_25_16_08_00_004_0013,28.5191,29.0291,0.509999999999998,none
01_04_25_16_08_00_004.wav,01_04_25_16_08_00_004_0014,30.2491,30.453521827877253,0.2044218278772547,none
01_04_25_16_08_00_004.wav,01_04_25_16_08_00_004_0015,30.453521827877253,31.0491,0.595578172122746,right
01_04_25_16_08_00_004.wav,01_04_25_16_08_00_004_0016,32.4941,33.0341,0.5399999999999991,none
01_04_25_16_08_00_004.wav,01_04_25_16_08_00_004_0017,34.41684372455804,34.6966,0.2797562754419544,none
01_04_25_16_08_00_004.wav,01_04_25_16_08_00_004_0018,36.8178,37.36126649468811,0.5434664946881114,none
01_04_25_16_08_00_004.wav,01_04_25_16_08_00_004_0019,38.8478,39.08188877967121,0.234088779671211,down
01_04_25_16_08_00_004.wav,01_04_25_16_08_00_004_0020,39.08188877967121,39.8478,0.765911220328789,yawright
01_04_25_16_08_00_004.wav,01_04_25_16_08_00_004_0021,39.8478,40.1278,0.2800000000000011,forward
01_04_25_16_08_00_004.wav,01_04_25_16_08_00_004_0022,44.0372,44.37567528242298,0.3384752824229835,none
01_04_25_16_08_00_004.wav,01_04_25_16_08_00_004_0023,45.00722047236477,45.3272,0.3199795276352262,none
01_04_25_16_08_00_004.wav,01_04_25_16_08_00_004_0024,46.801,47.36276118863495,0.5617611886349465,none
01_04_25_16_08_00_004.wav,01_04_25_16_08_00_004_0025,47.671,47.961,0.2899999999999991,up
01_04_25_16_08_00_004.wav,01_04_25_16_08_00_004_0026,49.5516,50.04614528025573,0.4945452802557284,none
01_04_25_16_08_00_004.wav,01_04_25_16_08_00_004_0027,50.7416,51.15318070199275,0.4115807019927544,forward
01_04_25_16_08_00_004.wav,01_04_25_16_08_00_004_0028,53.093868275283526,53.5122,0.4183317247164737,none
01_04_25_16_08_00_004.wav,01_04_25_16_08_00_004_0029,53.5122,53.9822,0.4699999999999988,yawright
01_04_25_16_08_00_004.wav,01_04_25_16_08_00_004_0030,53.9822,54.1022,0.1200000000000045,none
01_04_25_16_08_00_004.wav,01_04_25_16_08_00_004_0031,54.1022,54.4022,0.2999999999999971,backward
01_04_25_16_08_00_004.wav,01_04_25_16_08_00_004_0032,55.7817396046725,56.12698430850735,0.3452447038348438,none
01_04_25_16_08_00_004.wav,01_04_25_16_08_00_004_0033,59.21159,59.68409,0.4724999999999966,none
01_04_25_16_08_00_005.wav,01_04_25_16_08_00_005_0001,4.4185,4.814173539393121,0.3956735393931208,none
01_04_25_16_08_00_005.wav,01_04_25_16_08_00_005_0002,5.4685,5.7785,0.3100000000000005,up
01_04_25_16_08_00_005.wav,01_04_25_16_08_00_005_0003,5.7785,6.172800528194993,0.3943005281949929,yawright
01_04_25_16_08_00_005.wav,01_04_25_16_08_00_005_0004,6.8385,6.9885,0.1500000000000003,none
01_04_25_16_08_00_005.wav,01_04_25_16_08_00_005_0005,6.9885,7.313773285395928,0.3252732853959275,forward
01_04_25_16_08_00_005.wav,01_04_25_16_08_00_005_0006,10.66222,11.658134630288025,0.9959146302880236,forward
01_04_25_16_08_00_005.wav,01_04_25_16_08_00_005_0007,11.9822,12.60284,0.6206399999999999,none
01_04_25_16_08_00_005.wav,01_04_25_16_08_00_005_0008,15.892233919583902,16.51545433318105,0.6232204135971493,none
01_04_25_16_08_00_005.wav,01_04_25_16_08_00_005_0009,16.716802466804744,17.21058479450095,0.4937823276962056,none
01_04_25_16_08_00_005.wav,01_04_25_16_08_00_005_0010,17.79929595354461,18.39375234805266,0.5944563945080503,none
01_04_25_16_08_00_005.wav,01_04_25_16_08_00_005_0011,18.39375234805266,18.96472,0.5709676519473383,none
01_04_25_16_08_00_005.wav,01_04_25_16_08_00_005_0012,20.6516,21.18484585019992,0.533245850199922,none
01_04_25_16_08_00_005.wav,01_04_25_16_08_00_005_0013,21.9516,22.1016,0.1500000000000021,none
01_04_25_16_08_00_005.wav,01_04_25_16_08_00_005_0014,22.1016,22.4116,0.3099999999999987,forward
01_04_25_16_08_00_005.wav,01_04_25_16_08_00_005_0015,23.6616,24.0516,0.3900000000000005,none
01_04_25_16_08_00_005.wav,01_04_25_16_08_00_005_0016,24.8316,25.0016,0.1699999999999981,none
01_04_25_16_08_00_005.wav,01_04_25_16_08_00_005_0017,25.0016,25.5916,0.5899999999999999,left
01_04_25_16_08_00_005.wav,01_04_25_16_08_00_005_0018,27.5972,27.6672,0.0700000000000002,none
01_04_25_16_08_00_005.wav,01_04_25_16_08_00_005_0019,27.6672,27.9472,0.2799999999999976,backward
01_04_25_16_08_00_005.wav,01_04_25_16_08_00_005_0020,27.9472,28.33034,0.3831400000000009,none
01_04_25_16_08_00_005.wav,01_04_25_16_08_00_005_0021,31.5322,32.91776059540443,1.3855605954044314,none
01_04_25_16_08_00_005.wav,01_04_25_16_08_00_005_0022,33.602351818078425,33.99066607578126,0.388314257702838,right
02_04_25_16_31_03_000.wav,02_04_25_16_31_03_000_0001,1.730935033766793,2.329984067800221,0.599049034033428,none
02_04_25_16_31_03_000.wav,02_04_25_16_31_03_000_0002,3.0651806095685195,3.664229643601948,0.599049034033428,forward
02_04_25_16_31_03_000.wav,02_04_25_16_31_03_000_0003,4.610454822359294,5.052934222497622,0.4424794001383274,forward
02_04_25_16_31_03_000.wav,02_04_25_16_31_03_000_0004,6.264718265925455,6.7285,0.4637817340745451,none
02_04_25_16_31_03_000.wav,02_04_25_16_31_03_000_0005,6.7285,7.0885,0.3599999999999994,left
02_04_25_16_31_03_000.wav,02_04_25_16_31_03_000_0006,10.475176790934208,10.752100005296104,0.2769232143618954,forward
02_04_25_16_31_03_000.wav,02_04_25_16_31_03_000_0007,10.752100005296104,11.33767721899886,0.5855772137027557,right
02_04_25_16_31_03_000.wav,02_04_25_16_31_03_000_0008,12.42414932139888,12.683764834863156,0.2596155134642757,none
02_04_25_16_31_03_000.wav,02_04_25_16_31_03_000_0009,13.349659256815752,13.615044003912567,0.2653847470968156,forward
02_04_25_16_31_03_000.wav,02_04_25_16_31_03_000_0010,13.615044003912567,13.889082601458192,0.2740385975456245,forward
02_04_25_16_31_03_000.wav,02_04_25_16_31_03_000_0011,16.65284,16.9228,0.2699599999999975,down
02_04_25_16_31_03_000.wav,02_04_25_16_31_03_000_0012,16.9228,17.24347,0.3206699999999998,down
02_04_25_16_31_03_000.wav,02_04_25_16_31_03_000_0013,18.42472,18.81284,0.3881200000000007,forward
02_04_25_16_31_03_001.wav,02_04_25_16_31_03_001_0001,4.642711762603126,5.061835039834985,0.4191232772318596,none
02_04_25_16_31_03_001.wav,02_04_25_16_31_03_001_0002,5.850070510938627,6.62909,0.7790194890613726,forward
02_04_25_16_31_03_001.wav,02_04_25_16_31_03_001_0003,8.52737107466691,9.240464000127352,0.7130929254604421,left
02_04_25_16_31_03_001.wav,02_04_25_16_31_03_001_0004,10.8007046289207,11.046195636046424,0.2454910071257252,up
02_04_25_16_31_03_001.wav,02_04_25_16_31_03_001_0005,11.046195636046424,11.408587122755833,0.3623914867094058,none
02_04_25_16_31_03_001.wav,02_04_25_16_31_03_001_0006,13.573889095043691,14.099941253170249,0.5260521581265571,none
02_04_25_16_31_03_001.wav,02_04_25_16_31_03_001_0007,15.313487226367087,15.662448681881395,0.3489614555143081,none
02_04_25_16_31_03_001.wav,02_04_25_16_31_03_001_0008,16.447690418781836,16.7241,0.2764095812181644,forward
02_04_25_16_31_03_001.wav,02_04_25_16_31_03_001_0009,16.7241,17.09391533640093,0.3698153364009293,forward
02_04_25_16_31_03_001.wav,02_04_25_16_31_03_001_0010,20.206032629401104,20.83055291001136,0.6245202806102519,none
02_04_25_16_31_03_001.wav,02_04_25_16_31_03_001_0011,21.237543656770395,21.359037363237235,0.1214937064668397,none
02_04_25_16_31_03_001.wav,02_04_25_16_31_03_001_0012,23.0147,23.87534,0.8606400000000001,yawleft
02_04_25_16_31_03_001.wav,02_04_25_16_31_03_001_0013,28.01664725240185,28.231417799028208,0.2147705466263616,none
02_04_25_16_31_03_001.wav,02_04_25_16_31_03_001_0014,29.25847,29.79847,0.5399999999999991,up
02_04_25_16_31_03_001.wav,02_04_25_16_31_03_001_0015,30.79951795945159,31.21597,0.4164520405484069,none
02_04_25_16_31_03_001.wav,02_04_25_16_31_03_001_0016,32.53222,32.904347796314205,0.3721277963142029,down
02_04_25_16_31_03_001.wav,02_04_25_16_31_03_001_0017,32.904347796314205,33.3622,0.4578522036857961,none
02_04_25_16_31_03_001.wav,02_04_25_16_31_03_001_0018,34.79347,35.395477395663896,0.6020073956638967,forward
02_04_25_16_31_03_001.wav,02_04_25_16_31_03_001_0019,36.64972,36.98722,0.3374999999999986,none
02_04_25_16_31_03_002.wav,02_04_25_16_31_03_002_0001,2.5209920602480134,2.8552705988864053,0.3342785386383919,none
02_04_25_16_31_03_002.wav,02_04_25_16_31_03_002_0002,3.91222,4.378095052683524,0.4658750526835242,down
02_04_25_16_31_03_002.wav,02_04_25_16_31_03_002_0003,6.1500803312524965,6.453407153350296,0.3033268220977989,none
02_04_25_16_31_03_002.wav,02_04_25_16_31_03_002_0004,7.276722813330038,7.976231607147413,0.6995087938173752,forward
02_04_25_16_31_03_002.wav,02_04_25_16_31_03_002_0005,10.471932998600323,10.738117760849413,0.2661847622490896,none
02_04_25_16_31_03_002.wav,02_04_25_16_31_03_002_0006,11.258106598731354,11.88333127285131,0.6252246741199556,none
02_04_25_16_31_03_002.wav,02_04_25_16_31_03_002_0007,12.82222,13.895527322088626,1.0733073220886258,yawright
02_04_25_16_31_03_002.wav,02_04_25_16_31_03_002_0008,14.533132682824816,14.98222,0.4490873171751826,forward
02_04_25_16_31_03_002.wav,02_04_25_16_31_03_002_0009,16.800251553724944,18.03659,1.236338446275056,none
02_04_25_16_31_03_003.wav,02_04_25_16_31_03_003_0001,3.286394725677322,4.45222,1.1658252743226778,none
02_04_25_16_31_03_003.wav,02_04_25_16_31_03_003_0002,6.523816380926537,6.922580217376858,0.3987638364503212,none
02_04_25_16_31_03_003.wav,02_04_25_16_31_03_003_0003,8.030902742460388,8.317875567530562,0.2869728250701744,up
02_04_25_16_31_03_003.wav,02_04_25_16_31_03_003_0004,8.317875567530562,8.618910433497302,0.3010348659667397,none
02_04_25_16_31_03_003.wav,02_04_25_16_31_03_003_0005,9.924125954883404,10.241785282225186,0.3176593273417811,none
02_04_25_16_31_03_003.wav,02_04_25_16_31_03_003_0006,11.50597,12.499194119079544,0.993224119079544,yawright
02_04_25_16_31_03_003.wav,02_04_25_16_31_03_003_0007,13.72606877074673,14.23973066176748,0.5136618910207496,none
02_04_25_16_31_03_003.wav,02_04_25_16_31_03_003_0008,14.827738352804394,15.036,0.2082616471956058,none
02_04_25_16_31_03_003.wav,02_04_25_16_31_03_003_0009,15.036,15.62347,0.5874699999999997,forward
02_04_25_16_31_03_003.wav,02_04_25_16_31_03_003_0010,16.97347,17.80034,0.8268699999999995,left
02_04_25_16_31_03_003.wav,02_04_25_16_31_03_003_0011,20.16284,20.65222,0.4893800000000006,forward
02_04_25_16_31_03_003.wav,02_04_25_16_31_03_003_0012,21.98534,22.174803270055868,0.1894632700558673,none
02_04_25_16_31_03_003.wav,02_04_25_16_31_03_003_0013,22.174803270055868,22.64347,0.4686667299441325,right
02_04_25_16_31_03_003.wav,02_04_25_16_31_03_003_0014,25.62851310920705,26.203003382059208,0.5744902728521559,none
02_04_25_16_31_03_003.wav,02_04_25_16_31_03_003_0015,26.203003382059208,26.40576465483056,0.2027612727713474,up
02_04_25_16_31_03_003.wav,02_04_25_16_31_03_003_0016,26.40576465483056,26.83156332765039,0.4257986728198339,none
02_04_25_16_31_03_003.wav,02_04_25_16_31_03_003_0017,27.59529745508914,27.89268065515378,0.2973832000646403,none
02_04_25_16_31_03_003.wav,02_04_25_16_31_03_003_0018,28.431,28.872693473548637,0.4416934735486322,forward
02_04_25_16_31_03_003.wav,02_04_25_16_31_03_003_0019,29.60854840291036,30.57504380273265,0.9664953998222892,none
02_04_25_16_31_03_004.wav,02_04_25_16_31_03_004_0001,2.662889610416638,3.0415417026100227,0.3786520921933847,none
02_04_25_16_31_03_004.wav,02_04_25_16_31_03_004_0002,3.957989519947634,4.253404686987461,0.2954151670398275,down
02_04_25_16_31_03_004.wav,02_04_25_16_31_03_004_0003,4.253404686987461,4.605539474713131,0.35213478772567,none
02_04_25_16_31_03_004.wav,02_04_25_16_31_03_004_0004,7.08472,7.60784,0.5231200000000005,forward
02_04_25_16_31_03_004.wav,02_04_25_16_31_03_004_0005,8.675947184995872,9.328984851242431,0.6530376662465613,forward
02_04_25_16_31_03_004.wav,02_04_25_16_31_03_004_0006,10.65633782552294,10.908772553651865,0.2524347281289234,up
02_04_25_16_31_03_004.wav,02_04_25_16_31_03_004_0007,10.908772553651865,11.25284,0.3440674463481379,none
02_04_25_16_31_03_004.wav,02_04_25_16_31_03_004_0008,12.31597,12.73784,0.4218700000000002,forward
02_04_25_16_31_03_004.wav,02_04_25_16_31_03_004_0009,13.714066470565236,13.974160290706411,0.260093820141174,forward
02_04_25_16_31_03_004.wav,02_04_25_16_31_03_004_0010,13.974160290706411,14.44061576659681,0.4664554758903989,forward
02_04_25_16_31_03_004.wav,02_04_25_16_31_03_004_0011,16.99034,17.3161765826741,0.3258365826740999,none
02_04_25_16_31_03_004.wav,02_04_25_16_31_03_004_0012,17.3161765826741,17.634463848575784,0.3182872659016844,forward
02_04_25_16_31_03_004.wav,02_04_25_16_31_03_004_0013,17.634463848575784,17.980189671882787,0.3457258233070028,forward
02_04_25_16_31_03_004.wav,02_04_25_16_31_03_004_0014,17.980189671882787,18.37409,0.393900328117212,forward
02_04_25_16_31_03_004.wav,02_04_25_16_31_03_004_0015,19.194036663360624,19.605615023674986,0.4115783603143619,none
02_04_25_16_31_03_005.wav,02_04_25_16_31_03_005_0001,3.5710313477196287,4.134561277449575,0.5635299297299463,none
02_04_25_16_31_03_005.wav,02_04_25_16_31_03_005_0002,5.171783032169912,5.71897876103812,0.5471957288682088,forward
02_04_25_16_31_03_005.wav,02_04_25_16_31_03_005_0003,6.609192708002818,7.017547729546258,0.4083550215434393,none
02_04_25_16_31_03_005.wav,02_04_25_16_31_03_005_0004,7.017547729546258,7.609680030204433,0.5921323006581751,right
02_04_25_16_31_03_005.wav,02_04_25_16_31_03_005_0005,9.09284,9.64972,0.5568799999999996,up
02_04_25_16_31_03_005.wav,02_04_25_16_31_03_005_0006,12.616374169323796,13.041063391728974,0.4246892224051777,down
02_04_25_16_31_03_005.wav,02_04_25_16_31_03_005_0007,13.32691190680938,13.759768229645427,0.4328563228360469,none
02_04_25_16_31_03_005.wav,02_04_25_16_31_03_005_0008,14.6826505783336,14.95216489255227,0.2695143142186698,none
02_04_25_16_31_03_005.wav,02_04_25_16_31_03_005_0009,16.23097,16.80995151574426,0.5789815157442604,forward
02_04_25_16_31_03_005.wav,02_04_25_16_31_03_005_0010,17.83409,18.57659,0.7424999999999997,yawleft
02_04_25_16_31_03_005.wav,02_04_25_16_31_03_005_0011,20.60159,21.68159,1.0799999999999983,none
02_04_25_16_31_03_005.wav,02_04_25_16_31_03_005_0012,25.61347,26.44034,0.8268699999999995,left
02_04_25_16_31_03_005.wav,02_04_25_16_31_03_005_0013,27.84097,28.21113346305913,0.3701634630591321,none
02_04_25_16_31_03_005.wav,02_04_25_16_31_03_005_0014,28.21113346305913,28.496981978139537,0.2858485150804064,right
02_04_25_16_31_03_005.wav,02_04_25_16_31_03_005_0015,28.496981978139537,28.70159,0.2046080218604622,forward
02_04_25_16_31_03_005.wav,02_04_25_16_31_03_005_0016,29.860887750094623,30.277409872068933,0.4165221219743067,none
02_04_25_16_31_03_005.wav,02_04_25_16_31_03_005_0017,30.70972,31.14847,0.4387499999999988,up
02_04_25_16_31_03_005.wav,02_04_25_16_31_03_005_0018,32.09347,32.34659,0.2531199999999955,none
02_04_25_16_31_03_005.wav,02_04_25_16_31_03_005_0019,33.44347,33.84847,0.4050000000000011,forward
10_04_25_10_28_22_000.wav,10_04_25_10_28_22_000_0001,2.5982,5.2882,2.69,none
10_04_25_10_28_22_000.wav,10_04_25_10_28_22_000_0002,5.2882,5.9182,0.6299999999999999,forward
10_04_25_10_28_22_000.wav,10_04_25_10_28_22_000_0003,6.61642,7.18063,0.5642100000000001,yawright
10_04_25_10_28_22_000.wav,10_04_25_10_28_22_000_0004,8.053,8.423,0.3699999999999992,forward
10_04_25_10_28_22_000.wav,10_04_25_10_28_22_000_0005,8.423,8.773,0.3499999999999996,none
10_04_25_10_28_22_000.wav,10_04_25_10_28_22_000_0006,8.773,9.233,0.4600000000000008,down
10_04_25_10_28_22_000.wav,10_04_25_10_28_22_000_0007,11.68901,11.949,0.2599900000000001,none
10_04_25_10_28_22_000.wav,10_04_25_10_28_22_000_0008,11.949,13.06878,1.1197800000000004,left
10_04_25_10_28_22_000.wav,10_04_25_10_28_22_000_0009,14.06949,14.9295,0.8600100000000008,none
10_04_25_10_28_22_000.wav,10_04_25_10_28_22_000_0010,14.9295,15.4195,0.4899999999999984,down
10_04_25_10_28_22_000.wav,10_04_25_10_28_22_000_0011,15.4195,15.6095,0.1900000000000012,none
10_04_25_10_28_22_000.wav,10_04_25_10_28_22_000_0012,15.6095,15.9295,0.3200000000000003,down
10_04_25_10_28_22_000.wav,10_04_25_10_28_22_000_0013,15.9295,16.79652,0.8670200000000001,none
10_04_25_10_28_22_000.wav,10_04_25_10_28_22_000_0014,17.47734,17.9673,0.4899599999999999,up
10_04_25_10_28_22_000.wav,10_04_25_10_28_22_000_0015,17.9673,18.58087,0.6135699999999993,none
10_04_25_10_28_22_000.wav,10_04_25_10_28_22_000_0016,20.62538,21.0954,0.4700200000000016,none
10_04_25_10_28_22_000.wav,10_04_25_10_28_22_000_0017,21.0954,21.5054,0.4100000000000001,forward
10_04_25_10_28_22_000.wav,10_04_25_10_28_22_000_0018,21.5054,22.25934,0.75394,none
10_04_25_10_28_22_000.wav,10_04_25_10_28_22_000_0019,22.58736,23.21501,0.6276499999999992,none
10_04_25_10_28_22_000.wav,10_04_25_10_28_22_000_0020,23.61399,24.031257271224675,0.4172672712246736,up
10_04_25_10_28_22_000.wav,10_04_25_10_28_22_000_0021,24.154,25.344,1.1900000000000013,none
10_04_25_10_28_22_000.wav,10_04_25_10_28_22_000_0022,25.344,25.83028,0.4862799999999971,none
10_04_25_10_28_22_001.wav,10_04_25_10_28_22_001_0001,0.0,1.01378,1.01378,none
10_04_25_10_28_22_001.wav,10_04_25_10_28_22_001_0002,2.04357,3.307406050380405,1.2638360503804051,none
10_04_25_10_28_22_001.wav,10_04_25_10_28_22_001_0003,3.428888410280418,5.3936,1.9647115897195824,yawright
10_04_25_10_28_22_001.wav,10_04_25_10_28_22_001_0004,6.4617,6.942365953600159,0.480665953600158,none
10_04_25_10_28_22_001.wav,10_04_25_10_28_22_001_0005,7.075237284740797,8.510247661059696,1.4350103763188988,none
10_04_25_10_28_22_001.wav,10_04_25_10_28_22_001_0006,10.0181,10.56028,0.5421800000000001,none
10_04_25_10_28_22_001.wav,10_04_25_10_28_22_001_0007,10.91407,11.38992,0.4758499999999994,none
10_04_25_10_28_22_001.wav,10_04_25_10_28_22_001_0008,12.1434,12.70502,0.5616199999999996,none
10_04_25_10_28_22_001.wav,10_04_25_10_28_22_001_0009,13.65302,14.45048,0.797460000000001,none
10_04_25_10_28_22_001.wav,10_04_25_10_28_22_001_0010,14.79794,15.5879,0.7899599999999989,none
10_04_25_10_28_22_001.wav,10_04_25_10_28_22_001_0011,15.5879,16.9679,1.3800000000000008,yawright
10_04_25_10_28_22_001.wav,10_04_25_10_28_22_001_0012,17.107452097730487,17.528844033633657,0.4213919359031699,none
10_04_25_10_28_22_001.wav,10_04_25_10_28_22_001_0013,18.06003,19.12021,1.060179999999999,none
10_04_25_10_28_22_001.wav,10_04_25_10_28_22_001_0014,19.46089,19.98893,0.5280400000000007,forward
10_04_25_10_28_22_001.wav,10_04_25_10_28_22_001_0015,23.44938,24.09891758266071,0.6495375826607095,forward
10_04_25_10_28_22_001.wav,10_04_25_10_28_22_001_0016,24.09891758266071,24.3894,0.2904824173392875,none
10_04_25_10_28_22_001.wav,10_04_25_10_28_22_001_0017,24.3894,24.9394,0.5500000000000007,up
10_04_25_10_28_22_001.wav,10_04_25_10_28_22_001_0018,26.96545,28.17700237101383,1.2115523710138305,none
10_04_25_10_28_22_001.wav,10_04_25_10_28_22_001_0019,28.17700237101383,28.6655,0.4884976289861704,forward
10_04_25_10_28_22_001.wav,10_04_25_10_28_22_001_0020,29.11914,30.4991,1.379959999999997,yawright
10_04_25_10_28_22_001.wav,10_04_25_10_28_22_001_0021,31.30453,31.97513,0.6706000000000003,none
10_04_25_10_28_22_001.wav,10_04_25_10_28_22_001_0022,32.85888,34.0364,1.1775200000000012,none
10_04_25_10_28_22_001.wav,10_04_25_10_28_22_001_0023,35.19266,35.92686,0.7342000000000013,forward
10_04_25_10_28_22_001.wav,10_04_25_10_28_22_001_0024,36.2005,36.9105,0.7100000000000009,right
10_04_25_10_28_22_001.wav,10_04_25_10_28_22_001_0025,36.9105,37.6405,0.730000000000004,none
10_04_25_10_28_22_001.wav,10_04_25_10_28_22_001_0026,37.6405,38.11464,0.4741399999999984,forward
10_04_25_10_28_22_001.wav,10_04_25_10_28_22_001_0027,39.58724,40.2272,0.6399600000000021,none
10_04_25_10_28_22_001.wav,10_04_25_10_28_22_001_0028,40.2272,40.8372,0.6099999999999994,yawright
10_04_25_10_28_22_001.wav,10_04_25_10_28_22_001_0029,40.8372,41.7372,0.8999999999999986,yawright
10_04_25_10_28_22_001.wav,10_04_25_10_28_22_001_0030,42.29222,42.9922,0.6999799999999965,none
10_04_25_10_28_22_001.wav,10_04_25_10_28_22_001_0031,44.35448,45.2056,0.8511199999999945,none
10_04_25_10_28_22_001.wav,10_04_25_10_28_22_001_0032,45.56145,45.885475101854496,0.3240251018544953,none
10_04_25_10_28_22_001.wav,10_04_25_10_28_22_001_0033,45.885475101854496,46.41633,0.5308548981455061,forward
10_04_25_10_28_22_001.wav,10_04_25_10_28_22_001_0034,48.36877,48.8088,0.4400300000000001,up
10_04_25_10_28_22_001.wav,10_04_25_10_28_22_001_0035,48.8088,49.50069,0.6918900000000008,none
10_04_25_10_28_22_001.wav,10_04_25_10_28_22_001_0036,50.97878,51.29648,0.3177000000000021,none
10_04_25_10_28_22_001.wav,10_04_25_10_28_22_001_0037,51.74238,52.6224,0.8800200000000018,none
10_04_25_10_28_22_001.wav,10_04_25_10_28_22_001_0038,52.6224,53.1462,0.5238000000000014,backward
10_04_25_10_28_22_001.wav,10_04_25_10_28_22_001_0039,54.96372,55.3756,0.4118799999999964,none
10_04_25_10_28_22_001.wav,10_04_25_10_28_22_001_0040,55.72515,56.76617,1.0410200000000032,yawright
10_04_25_10_28_22_001.wav,10_04_25_10_28_22_001_0041,57.95993,58.59918,0.639249999999997,none
10_04_25_10_28_22_001.wav,10_04_25_10_28_22_001_0042,58.85103,59.571,0.7199699999999964,right
10_04_25_10_28_22_001.wav,10_04_25_10_28_22_001_0043,59.661,60.0946,0.4335999999999984,none
10_04_25_10_28_22_001.wav,10_04_25_10_28_22_001_0044,60.81644,61.36486,0.5484200000000001,none
10_04_25_10_28_22_001.wav,10_04_25_10_28_22_001_0045,61.68987,62.8899,1.2000299999999982,yawright
10_04_25_10_28_22_001.wav,10_04_25_10_28_22_001_0046,62.8899,63.42043,0.5305300000000059,forward
10_04_25_10_28_22_001.wav,10_04_25_10_28_22_001_0047,63.84563,64.6356,0.7899699999999967,none
10_04_25_10_28_22_001.wav,10_04_25_10_28_22_001_0048,64.78746236277523,64.9656,0.1781376372247649,none
10_04_25_10_28_22_001.wav,10_04_25_10_28_22_001_0049,65.0856,66.1856,1.0999999999999943,yawright
10_04_25_10_28_22_001.wav,10_04_25_10_28_22_001_0050,68.67865,69.6987,1.0200499999999977,none
10_04_25_10_28_22_001.wav,10_04_25_10_28_22_001_0051,71.9713,72.3213,0.3499999999999943,none
10_04_25_10_28_22_001.wav,10_04_25_10_28_22_001_0052,72.3213,72.9413,0.6200000000000045,backward
10_04_25_10_28_22_001.wav,10_04_25_10_28_22_001_0053,73.25348,74.0835,0.8300200000000046,none
10_04_25_10_28_22_001.wav,10_04_25_10_28_22_001_0054,74.0835,74.4435,0.3599999999999994,forward
10_04_25_10_28_22_001.wav,10_04_25_10_28_22_001_0055,74.4435,75.00202,0.5585200000000015,none
10_04_25_10_28_22_001.wav,10_04_25_10_28_22_001_0056,75.71787,76.23706,0.5191899999999947,none
10_04_25_10_28_22_001.wav,10_04_25_10_28_22_001_0057,76.53167,77.06665192226495,0.5349819222649472,none
10_04_25_10_28_22_002.wav,10_04_25_10_28_22_002_0001,0.9552,1.8652,0.91,none
10_04_25_10_28_22_002.wav,10_04_25_10_28_22_002_0002,1.8652,3.3152,1.45,yawleft
10_04_25_10_28_22_002.wav,10_04_25_10_28_22_002_0003,3.3152,4.7652,1.4500000000000002,none
10_04_25_10_28_22_002.wav,10_04_25_10_28_22_002_0004,6.32495,7.33899,1.0140399999999996,none
10_04_25_10_28_22_002.wav,10_04_25_10_28_22_002_0005,8.89277,9.5028,0.6100300000000001,none
10_04_25_10_28_22_002.wav,10_04_25_10_28_22_002_0006,10.34122,10.9257,0.584480000000001,none
10_04_25_10_28_22_002.wav,10_04_25_10_28_22_002_0007,12.82149,13.6415,0.8200099999999999,none
10_04_25_10_28_22_002.wav,10_04_25_10_28_22_002_0008,14.57299,14.95928,0.3862899999999989,none
10_04_25_10_28_22_002.wav,10_04_25_10_28_22_002_0009,15.33972,15.63648,0.2967600000000008,none
10_04_25_10_28_22_002.wav,10_04_25_10_28_22_002_0010,16.29902,16.879,0.5799800000000026,forward
10_04_25_10_28_22_002.wav,10_04_25_10_28_22_002_0011,16.879,17.559,0.6799999999999997,yawleft
10_04_25_10_28_22_002.wav,10_04_25_10_28_22_002_0012,18.35813,18.6781,0.3199700000000014,none
10_04_25_10_28_22_002.wav,10_04_25_10_28_22_002_0013,18.6781,19.2181,0.5399999999999991,down
10_04_25_10_28_22_002.wav,10_04_25_10_28_22_002_0014,19.2181,19.80145,0.5833499999999994,none
10_04_25_10_28_22_002.wav,10_04_25_10_28_22_002_0015,23.9538,24.1638,0.2099999999999973,none
10_04_25_10_28_22_002.wav,10_04_25_10_28_22_002_0016,24.1638,24.72079,0.5569900000000025,forward
10_04_25_10_28_22_002.wav,10_04_25_10_28_22_002_0017,26.54,27.48441,0.9444100000000012,yawleft
10_04_25_10_28_22_002.wav,10_04_25_10_28_22_002_0018,29.10274,30.1827,1.0799599999999998,none
10_04_25_10_28_22_002.wav,10_04_25_10_28_22_002_0019,30.1827,30.5727,0.3900000000000005,forward
10_04_25_10_28_22_002.wav,10_04_25_10_28_22_002_0020,30.5727,30.8827,0.3099999999999987,none
10_04_25_10_28_22_002.wav,10_04_25_10_28_22_002_0021,31.81444,31.98628,0.1718399999999995,forward
10_04_25_10_28_22_002.wav,10_04_25_10_28_22_002_0022,33.17496,33.495,0.3200399999999987,none
10_04_25_10_28_22_002.wav,10_04_25_10_28_22_002_0023,33.495,34.505,1.0100000000000051,yawleft
10_04_25_10_28_22_002.wav,10_04_25_10_28_22_002_0024,34.505,35.315,0.8099999999999952,none
10_04_25_10_28_22_002.wav,10_04_25_10_28_22_002_0025,35.315,35.845,0.5300000000000011,none
10_04_25_10_28_22_002.wav,10_04_25_10_28_22_002_0026,38.03053,38.3405,0.3099699999999998,none
10_04_25_10_28_22_002.wav,10_04_25_10_28_22_002_0027,38.3405,39.58399,1.243490000000001,yawleft
10_04_25_10_28_22_002.wav,10_04_25_10_28_22_002_0028,40.50481,41.00271573014895,0.4979057301489504,down
10_04_25_10_28_22_002.wav,10_04_25_10_28_22_002_0029,41.00271573014895,41.71821,0.7154942698510496,none
10_04_25_10_28_22_002.wav,10_04_25_10_28_22_002_0030,43.51797,44.788,1.2700299999999984,yawleft
10_04_25_10_28_22_002.wav,10_04_25_10_28_22_002_0031,45.67592,46.13416,0.4582400000000035,none
10_04_25_10_28_22_002.wav,10_04_25_10_28_22_002_0032,47.2155,47.9055,0.6900000000000048,none
10_04_25_10_28_22_002.wav,10_04_25_10_28_22_002_0033,47.9055,48.3355,0.4299999999999997,down
10_04_25_10_28_22_002.wav,10_04_25_10_28_22_002_0034,48.5055,49.5955,1.0900000000000034,none
10_04_25_10_28_22_002.wav,10_04_25_10_28_22_002_0035,50.8511,51.46040131197501,0.6093013119750097,none
10_04_25_10_28_22_002.wav,10_04_25_10_28_22_002_0036,51.65398559107419,52.9211,1.2671144089258135,none
10_04_25_10_28_22_002.wav,10_04_25_10_28_22_002_0037,52.9211,53.4511,0.529999999999994,forward
10_04_25_10_28_22_002.wav,10_04_25_10_28_22_002_0038,53.4511,53.8711,0.4200000000000017,none
10_04_25_10_28_22_002.wav,10_04_25_10_28_22_002_0039,56.60399,57.2726,0.6686099999999939,none
10_04_25_10_28_22_002.wav,10_04_25_10_28_22_002_0040,58.39443,59.2044,0.8099699999999999,none
10_04_25_10_28_22_002.wav,10_04_25_10_28_22_002_0041,59.2044,60.60001,1.3956099999999978,yawleft
10_04_25_10_28_22_002.wav,10_04_25_10_28_22_002_0042,61.4848,61.6248,0.1400000000000005,none
10_04_25_10_28_22_002.wav,10_04_25_10_28_22_002_0043,61.6248,62.0448,0.4200000000000017,forward
10_04_25_10_28_22_002.wav,10_04_25_10_28_22_002_0044,62.0448,62.9848,0.9399999999999976,none
10_04_25_10_28_22_002.wav,10_04_25_10_28_22_002_0045,63.61914,63.9991,0.3799599999999969,none
10_04_25_10_28_22_002.wav,10_04_25_10_28_22_002_0046,63.9991,64.65058,0.6514800000000065,yawleft
10_04_25_10_28_22_002.wav,10_04_25_10_28_22_002_0047,65.76008,66.42345,0.6633700000000005,none
10_04_25_10_28_22_002.wav,10_04_25_10_28_22_002_0048,68.02939,68.20583,0.1764399999999995,forward
10_04_25_10_28_22_002.wav,10_04_25_10_28_22_002_0049,68.46749,68.77476,0.3072700000000026,none
10_04_25_10_28_22_002.wav,10_04_25_10_28_22_002_0050,69.1664,69.6464,0.480000000000004,forward
10_04_25_10_28_22_002.wav,10_04_25_10_28_22_002_0051,69.6464,70.6342,0.9878000000000072,none
10_04_25_10_28_22_002.wav,10_04_25_10_28_22_002_0052,71.93134,72.94311,1.0117699999999985,yawleft
10_04_25_10_28_22_002.wav,10_04_25_10_28_22_002_0053,74.10218,74.88322,0.7810399999999902,none
10_04_25_10_28_22_002.wav,10_04_25_10_28_22_002_0054,76.48952,77.3834,0.8938799999999958,none
10_04_25_10_28_22_002.wav,10_04_25_10_28_22_002_0055,77.72096,78.961,1.2400399999999934,yawright
10_04_25_10_28_22_002.wav,10_04_25_10_28_22_002_0056,79.211,79.72381,0.5128100000000018,forward
10_04_25_10_28_22_002.wav,10_04_25_10_28_22_002_0057,80.47121,81.12089,0.6496800000000036,yawleft
10_04_25_10_28_22_002.wav,10_04_25_10_28_22_002_0058,82.20794073147515,82.3821665826644,0.1742258511892487,none
10_04_25_10_28_22_002.wav,10_04_25_10_28_22_002_0059,82.76048,83.0605,0.3000200000000035,left
10_04_25_10_28_22_002.wav,10_04_25_10_28_22_002_0060,83.0605,83.38587,0.3253699999999924,none
10_04_25_10_28_22_002.wav,10_04_25_10_28_22_002_0061,83.99819,84.1182,0.1200100000000077,none
10_04_25_10_28_22_002.wav,10_04_25_10_28_22_002_0062,84.1182,84.48833,0.3701300000000032,forward
10_04_25_10_28_22_002.wav,10_04_25_10_28_22_002_0063,85.9631352196274,86.24705882897285,0.2839236093454502,none
10_04_25_10_28_22_002.wav,10_04_25_10_28_22_002_0064,86.81876,87.1688,0.350040000000007,none
10_04_25_10_28_22_002.wav,10_04_25_10_28_22_002_0065,87.1688,87.7188,0.5499999999999972,down
10_04_25_10_28_22_002.wav,10_04_25_10_28_22_002_0066,87.7188,88.1688,0.4500000000000028,none
10_04_25_10_28_22_002.wav,10_04_25_10_28_22_002_0067,88.1688,88.4988,0.3299999999999983,forward
10_04_25_10_28_22_002.wav,10_04_25_10_28_22_002_0068,88.4988,88.79504,0.2962399999999974,none
10_04_25_10_28_22_002.wav,10_04_25_10_28_22_002_0069,90.21852,91.57809,1.359570000000005,yawleft
10_04_25_10_28_22_002.wav,10_04_25_10_28_22_002_0070,93.04204,93.312,0.2699599999999975,left
10_04_25_10_28_22_002.wav,10_04_25_10_28_22_002_0071,93.312,93.68796,0.3759600000000063,left
10_04_25_10_28_22_002.wav,10_04_25_10_28_22_002_0072,94.70985,94.8799,0.1700500000000033,left
10_04_25_10_28_22_002.wav,10_04_25_10_28_22_002_0073,94.8799,96.46825,1.5883499999999913,yawleft
10_04_25_10_28_22_002.wav,10_04_25_10_28_22_002_0074,97.6156286423513,98.44158823277392,0.8259595904226273,none
10_04_25_10_28_22_003.wav,10_04_25_10_28_22_003_0001,0.92,1.4,0.4799999999999998,none
10_04_25_10_28_22_003.wav,10_04_25_10_28_22_003_0002,1.4,2.61,1.21,yawright
10_04_25_10_28_22_003.wav,10_04_25_10_28_22_003_0003,2.61,3.67,1.06,none
10_04_25_10_28_22_003.wav,10_04_25_10_28_22_003_0004,4.49939,5.44469,0.9452999999999996,none
10_04_25_10_28_22_003.wav,10_04_25_10_28_22_003_0005,6.55178,7.37794,0.8261599999999998,none
10_04_25_10_28_22_003.wav,10_04_25_10_28_22_003_0006,8.70497,9.49284,0.7878699999999998,none
10_04_25_10_28_22_003.wav,10_04_25_10_28_22_003_0007,9.82658,10.26329,0.4367099999999997,none
10_04_25_10_28_22_003.wav,10_04_25_10_28_22_003_0008,10.91242,11.5624,0.6499800000000011,forward
10_04_25_10_28_22_003.wav,10_04_25_10_28_22_003_0009,11.6924,11.9624,0.2700000000000013,none
10_04_25_10_28_22_003.wav,10_04_25_10_28_22_003_0010,12.1624,12.4724,0.3100000000000005,none
10_04_25_10_28_22_003.wav,10_04_25_10_28_22_003_0011,12.4724,13.0424,0.5700000000000003,forward
10_04_25_10_28_22_003.wav,10_04_25_10_28_22_003_0012,13.0424,13.62541,0.5830099999999998,none
10_04_25_10_28_22_003.wav,10_04_25_10_28_22_003_0013,14.53381,15.42016,0.8863499999999984,none
10_04_25_10_28_22_003.wav,10_04_25_10_28_22_003_0014,15.81441,17.184079329568362,1.369669329568362,yawright
10_04_25_10_28_22_003.wav,10_04_25_10_28_22_003_0015,17.184079329568362,18.0744,0.8903206704316382,yawright
10_04_25_10_28_22_003.wav,10_04_25_10_28_22_003_0016,18.0744,18.742002381558,0.6676023815580017,none
10_04_25_10_28_22_003.wav,10_04_25_10_28_22_003_0017,19.1949,19.72562,0.5307199999999987,none
10_04_25_10_28_22_003.wav,10_04_25_10_28_22_003_0018,20.282,20.652,0.370000000000001,none
10_04_25_10_28_22_003.wav,10_04_25_10_28_22_003_0019,20.652,21.16156,0.5095600000000005,up
10_04_25_10_28_22_003.wav,10_04_25_10_28_22_003_0020,22.85357,23.23022727876869,0.3766572787686932,none
10_04_25_10_28_22_003.wav,10_04_25_10_28_22_003_0021,23.343597266120053,23.90896,0.5653627338799474,forward
10_04_25_10_28_22_003.wav,10_04_25_10_28_22_003_0022,25.66763,25.9776,0.3099699999999998,forward
10_04_25_10_28_22_003.wav,10_04_25_10_28_22_003_0023,25.9776,26.2576,0.2800000000000011,forward
10_04_25_10_28_22_003.wav,10_04_25_10_28_22_003_0024,26.2576,26.84395,0.5863499999999995,none
10_04_25_10_28_22_003.wav,10_04_25_10_28_22_003_0025,27.1413,28.04406,0.9027600000000008,yawright
10_04_25_10_28_22_003.wav,10_04_25_10_28_22_003_0026,29.39955,30.29719,0.8976399999999991,yawright
10_04_25_10_28_22_003.wav,10_04_25_10_28_22_003_0027,31.31029,31.78081,0.4705200000000005,none
10_04_25_10_28_22_003.wav,10_04_25_10_28_22_003_0028,32.32877656316199,32.71172,0.382943436838012,none
10_04_25_10_28_22_003.wav,10_04_25_10_28_22_003_0029,33.56187,33.97599,0.414120000000004,none
10_04_25_10_28_22_003.wav,10_04_25_10_28_22_003_0030,35.3922,35.9322,0.5399999999999991,none
10_04_25_10_28_22_003.wav,10_04_25_10_28_22_003_0031,35.9322,36.43721,0.5050099999999986,down
10_04_25_10_28_22_003.wav,10_04_25_10_28_22_003_0032,38.47228978722202,38.69171556919239,0.2194257819703651,none
10_04_25_10_28_22_003.wav,10_04_25_10_28_22_003_0033,39.14957,39.6059896607356,0.4564196607356052,backward
10_04_25_10_28_22_003.wav,10_04_25_10_28_22_003_0034,39.6059896607356,39.91521,0.3092203392643995,none
10_04_25_10_28_22_003.wav,10_04_25_10_28_22_003_0035,40.4552,41.20466,0.7494599999999991,none
10_04_25_10_28_22_003.wav,10_04_25_10_28_22_003_0036,42.25142,42.83500139738573,0.5835813973857285,none
10_04_25_10_28_22_003.wav,10_04_25_10_28_22_003_0037,42.83500139738573,43.2914,0.4563986026142714,backward
10_04_25_10_28_22_003.wav,10_04_25_10_28_22_003_0038,43.2914,43.8396,0.5481999999999942,backward
10_04_25_10_28_22_003.wav,10_04_25_10_28_22_003_0039,45.25503,45.50764,0.2526100000000042,none
10_04_25_10_28_22_003.wav,10_04_25_10_28_22_003_0040,45.89019,46.70122,0.8110300000000024,right
10_04_25_10_28_22_003.wav,10_04_25_10_28_22_003_0041,47.7881,48.0981,0.3100000000000023,none
10_04_25_10_28_22_003.wav,10_04_25_10_28_22_003_0042,48.0981,48.62093,0.522829999999999,forward
10_04_25_10_28_22_003.wav,10_04_25_10_28_22_003_0043,50.4688,50.5888,0.1199999999999974,none
10_04_25_10_28_22_003.wav,10_04_25_10_28_22_003_0044,50.5888,50.90221541081634,0.31341541081634,up
10_04_25_10_28_22_003.wav,10_04_25_10_28_22_003_0045,50.90221541081634,51.21601,0.313794589183658,none
10_04_25_10_28_22_003.wav,10_04_25_10_28_22_003_0046,52.47984,53.1659,0.6860599999999977,none
10_04_25_10_28_22_003.wav,10_04_25_10_28_22_003_0047,53.49108,53.76525005731631,0.2741700573163115,none
10_04_25_10_28_22_003.wav,10_04_25_10_28_22_003_0048,53.8811,54.7011,0.8199999999999932,yawright
10_04_25_10_28_22_003.wav,10_04_25_10_28_22_003_0049,54.9919,55.44929,0.4573899999999966,forward
10_04_25_10_28_22_003.wav,10_04_25_10_28_22_003_0050,55.71218,56.11804,0.4058600000000041,none
10_04_25_10_28_22_003.wav,10_04_25_10_28_22_003_0051,56.89243,57.25629864002015,0.3638686400201507,none
10_04_25_10_28_22_003.wav,10_04_25_10_28_22_003_0052,57.25629864002015,57.70346,0.4471613599798516,forward
10_04_25_10_28_22_003.wav,10_04_25_10_28_22_003_0053,58.05084,58.3008,0.2499600000000015,left
10_04_25_10_28_22_003.wav,10_04_25_10_28_22_003_0054,58.3008,58.68905,0.3882499999999993,forward
10_04_25_10_28_22_003.wav,10_04_25_10_28_22_003_0055,60.61669,61.3067,0.6900100000000009,none
10_04_25_10_28_22_003.wav,10_04_25_10_28_22_003_0056,61.3067,62.0667,0.759999999999998,yawleft
10_04_25_10_28_22_003.wav,10_04_25_10_28_22_003_0057,62.0667,62.7267,0.6600000000000037,yawright
10_04_25_10_28_22_003.wav,10_04_25_10_28_22_003_0058,62.7267,63.35169,0.6249899999999968,none
10_04_25_10_28_22_003.wav,10_04_25_10_28_22_003_0059,64.55005,65.0,0.4499500000000012,none
10_04_25_10_28_22_003.wav,10_04_25_10_28_22_003_0060,65.0,65.55821,0.5582100000000025,forward
10_04_25_10_28_22_003.wav,10_04_25_10_28_22_003_0061,66.42009,67.0901,0.6700100000000049,down
10_04_25_10_28_22_003.wav,10_04_25_10_28_22_003_0062,67.0901,67.69744,0.6073399999999936,none
10_04_25_10_28_22_003.wav,10_04_25_10_28_22_003_0063,69.16266,69.5227,0.3600399999999979,down
10_04_25_10_28_22_003.wav,10_04_25_10_28_22_003_0064,69.5227,70.2827,0.7600000000000051,yawright
10_04_25_10_28_22_003.wav,10_04_25_10_28_22_003_0065,71.52321,72.1432,0.6199899999999872,yawright
10_04_25_10_28_22_003.wav,10_04_25_10_28_22_003_0066,73.064,73.47093,0.4069300000000027,right
10_04_25_10_28_22_003.wav,10_04_25_10_28_22_003_0067,74.31767133424448,74.79281,0.475138665755523,right
10_04_25_10_28_22_003.wav,10_04_25_10_28_22_003_0068,75.15307,75.658,0.5049300000000017,none
10_04_25_10_28_22_004.wav,10_04_25_10_28_22_004_0001,0.0,0.22878,0.22878,none
10_04_25_10_28_22_004.wav,10_04_25_10_28_22_004_0002,1.08449,1.6338925366732997,0.5494025366732995,none
10_04_25_10_28_22_004.wav,10_04_25_10_28_22_004_0003,1.6338925366732997,2.6245,0.9906074633267004,yawleft
10_04_25_10_28_22_004.wav,10_04_25_10_28_22_004_0004,2.6245,3.97253,1.34803,none
10_04_25_10_28_22_004.wav,10_04_25_10_28_22_004_0005,6.50912,7.38775,0.8786299999999994,none
10_04_25_10_28_22_004.wav,10_04_25_10_28_22_004_0006,8.70694,9.63142,0.9244800000000007,none
10_04_25_10_28_22_004.wav,10_04_25_10_28_22_004_0007,10.97,11.97088,1.0008799999999989,forward
10_04_25_10_28_22_004.wav,10_04_25_10_28_22_004_0008,13.17136,14.19643,1.0250699999999997,none
10_04_25_10_28_22_004.wav,10_04_25_10_28_22_004_0009,14.74648,15.5665,0.8200199999999995,none
10_04_25_10_28_22_004.wav,10_04_25_10_28_22_004_0010,15.5665,16.1965,0.6300000000000008,yawleft
10_04_25_10_28_22_004.wav,10_04_25_10_28_22_004_0011,17.0502,17.32525,0.2750500000000002,none
10_04_25_10_28_22_004.wav,10_04_25_10_28_22_004_0012,17.69963,18.0296,0.3299699999999994,down
10_04_25_10_28_22_004.wav,10_04_25_10_28_22_004_0013,18.0296,18.58591,0.5563099999999999,none
10_04_25_10_28_22_004.wav,10_04_25_10_28_22_004_0014,20.16962,20.2896,0.1199800000000017,none
10_04_25_10_28_22_004.wav,10_04_25_10_28_22_004_0015,20.2896,20.71892,0.4293200000000006,forward
10_04_25_10_28_22_004.wav,10_04_25_10_28_22_004_0016,22.1111,22.395763687881725,0.284663687881725,forward
10_04_25_10_28_22_004.wav,10_04_25_10_28_22_004_0017,22.395763687881725,22.689462493161837,0.2936988052801084,forward
10_04_25_10_28_22_004.wav,10_04_25_10_28_22_004_0018,22.689462493161837,23.163899024768163,0.4744365316063295,forward
10_04_25_10_28_22_004.wav,10_04_25_10_28_22_004_0019,23.163899024768163,23.8411,0.6772009752318375,yawleft
10_04_25_10_28_22_004.wav,10_04_25_10_28_22_004_0020,25.241,25.63533,0.39433,none
10_04_25_10_28_22_004.wav,10_04_25_10_28_22_004_0021,26.21262,26.6126,0.3999799999999993,none
10_04_25_10_28_22_004.wav,10_04_25_10_28_22_004_0022,26.6126,27.20151,0.5889099999999985,yawleft
10_04_25_10_28_22_004.wav,10_04_25_10_28_22_004_0023,28.37072,28.5307,0.1599800000000009,none
10_04_25_10_28_22_004.wav,10_04_25_10_28_22_004_0024,28.5307,29.0807,0.5500000000000007,forward
10_04_25_10_28_22_004.wav,10_04_25_10_28_22_004_0025,31.18839,31.4784,0.2900100000000023,none
10_04_25_10_28_22_004.wav,10_04_25_10_28_22_004_0026,31.4784,32.0284,0.5499999999999972,right
10_04_25_10_28_22_004.wav,10_04_25_10_28_22_004_0027,32.0284,32.35659,0.3281899999999993,none
10_04_25_10_28_22_004.wav,10_04_25_10_28_22_004_0028,33.83461,34.0146,0.1799900000000036,none
10_04_25_10_28_22_004.wav,10_04_25_10_28_22_004_0029,34.0146,34.5146,0.5,forward
10_04_25_10_28_22_004.wav,10_04_25_10_28_22_004_0030,34.96669,35.35145,0.38476,none
10_04_25_10_28_22_004.wav,10_04_25_10_28_22_004_0031,36.484,37.864,1.3799999999999957,none
10_04_25_10_28_22_004.wav,10_04_25_10_28_22_004_0032,37.864,38.304,0.4400000000000048,forward
10_04_25_10_28_22_004.wav,10_04_25_10_28_22_004_0033,39.87065,40.2206,0.3499499999999997,down
10_04_25_10_28_22_004.wav,10_04_25_10_28_22_004_0034,40.2206,40.87355,0.6529500000000041,none
10_04_25_10_28_22_004.wav,10_04_25_10_28_22_004_0035,43.13025,43.7702,0.639950000000006,none
10_04_25_10_28_22_004.wav,10_04_25_10_28_22_004_0036,43.7702,44.2902,0.519999999999996,forward
10_04_25_10_28_22_004.wav,10_04_25_10_28_22_004_0037,44.86342,44.9834,0.1199800000000053,none
10_04_25_10_28_22_004.wav,10_04_25_10_28_22_004_0038,44.9834,45.40885,0.4254499999999979,forward
10_04_25_10_28_22_004.wav,10_04_25_10_28_22_004_0039,45.77394,45.9439,0.1699599999999961,none
10_04_25_10_28_22_004.wav,10_04_25_10_28_22_004_0040,45.9439,46.36337,0.419470000000004,none
10_04_25_10_28_22_004.wav,10_04_25_10_28_22_004_0041,47.64348,48.5135,0.8700200000000038,none
10_04_25_10_28_22_004.wav,10_04_25_10_28_22_004_0042,48.5135,48.9535,0.4399999999999977,left
10_04_25_10_28_22_004.wav,10_04_25_10_28_22_004_0043,49.92329,50.591,0.6677099999999996,none
10_04_25_10_28_22_005.wav,10_04_25_10_28_22_005_0001,4.41863,5.2586,0.8399700000000001,none
10_04_25_10_28_22_005.wav,10_04_25_10_28_22_005_0002,5.2586,6.7386,1.4799999999999995,yawright
10_04_25_10_28_22_005.wav,10_04_25_10_28_22_005_0003,6.7386,8.90954,2.17094,none
10_04_25_10_28_22_005.wav,10_04_25_10_28_22_005_0004,9.84207,10.51679,0.6747200000000007,none
10_04_25_10_28_22_005.wav,10_04_25_10_28_22_005_0005,11.15482,11.74414,0.589319999999999,none
10_04_25_10_28_22_005.wav,10_04_25_10_28_22_005_0006,12.52487,13.0586,0.5337300000000003,none
10_04_25_10_28_22_005.wav,10_04_25_10_28_22_005_0007,13.49272,13.78175,0.2890300000000003,none
10_04_25_10_28_22_005.wav,10_04_25_10_28_22_005_0008,14.22422,15.0042,0.7799800000000001,right
10_04_25_10_28_22_005.wav,10_04_25_10_28_22_005_0009,15.0042,15.5617,0.5574999999999992,none
10_04_25_10_28_22_005.wav,10_04_25_10_28_22_005_0010,16.76694,17.64687,0.8799299999999981,none
10_04_25_10_28_22_005.wav,10_04_25_10_28_22_005_0011,18.22392,18.64841,0.4244899999999987,up
10_04_25_10_28_22_005.wav,10_04_25_10_28_22_005_0012,18.90318,19.03806,0.1348800000000025,forward
10_04_25_10_28_22_005.wav,10_04_25_10_28_22_005_0013,19.28854,19.8575,0.5689600000000006,none
10_04_25_10_28_22_005.wav,10_04_25_10_28_22_005_0014,20.44896,20.889,0.4400399999999997,none
10_04_25_10_28_22_005.wav,10_04_25_10_28_22_005_0015,20.889,21.26992,0.3809199999999997,forward
10_04_25_10_28_22_005.wav,10_04_25_10_28_22_005_0016,21.94499,23.515,1.57001,none
10_04_25_10_28_22_005.wav,10_04_25_10_28_22_005_0017,23.515,23.975,0.4600000000000008,forward
10_04_25_10_28_22_005.wav,10_04_25_10_28_22_005_0018,23.975,24.1544,0.1793999999999975,none
10_04_25_10_28_22_005.wav,10_04_25_10_28_22_005_0019,24.63343,24.9034,0.2699700000000007,up
10_04_25_10_28_22_005.wav,10_04_25_10_28_22_005_0020,24.9034,25.84689,0.943489999999997,none
10_04_25_10_28_22_005.wav,10_04_25_10_28_22_005_0021,26.52796,27.378,0.8500399999999999,none
10_04_25_10_28_22_005.wav,10_04_25_10_28_22_005_0022,27.378,27.74953,0.3715299999999999,forward
10_04_25_10_28_22_005.wav,10_04_25_10_28_22_005_0023,28.08381,28.9454,0.8615899999999996,none
10_04_25_10_28_22_005.wav,10_04_25_10_28_22_005_0024,29.37145,29.5214,0.1499500000000004,none
10_04_25_10_28_22_005.wav,10_04_25_10_28_22_005_0025,29.5214,29.9914,0.4699999999999988,backward
10_04_25_10_28_22_005.wav,10_04_25_10_28_22_005_0026,29.9914,30.2416,0.2501999999999995,none
10_04_25_10_28_22_005.wav,10_04_25_10_28_22_005_0027,31.84264,32.1126,0.2699600000000011,none
10_04_25_10_28_22_005.wav,10_04_25_10_28_22_005_0028,32.1126,32.39018,0.2775800000000004,up
10_04_25_11_26_04_000.wav,10_04_25_11_26_04_000_0001,0.03097,0.321,0.29003,none
10_04_25_11_26_04_000.wav,10_04_25_11_26_04_000_0002,0.321,0.9814201739226354,0.6604201739226354,yawright
10_04_25_11_26_04_000.wav,10_04_25_11_26_04_000_0003,4.692095620514886,5.0447,0.3526043794851139,none
10_04_25_11_26_04_000.wav,10_04_25_11_26_04_000_0004,5.5347,6.052264993662191,0.5175649936621909,forward
10_04_25_11_26_04_001.wav,10_04_25_11_26_04_001_0001,0.0,1.0750633580648672,1.0750633580648672,none
10_04_25_11_26_04_001.wav,10_04_25_11_26_04_001_0002,6.467595563047619,6.8122,0.3446044369523804,none
10_04_25_11_26_04_001.wav,10_04_25_11_26_04_001_0003,7.0922,7.613006521656128,0.5208065216561284,forward
10_04_25_11_26_04_001.wav,10_04_25_11_26_04_001_0004,12.399757878847833,13.136764110411503,0.7370062315636723,none
10_04_25_11_26_04_001.wav,10_04_25_11_26_04_001_0005,13.2266,13.765801276204702,0.539201276204702,up
10_04_25_11_26_04_001.wav,10_04_25_11_26_04_001_0006,15.507362677939112,16.26472,0.7573573220608871,yawleft
10_04_25_11_26_04_001.wav,10_04_25_11_26_04_001_0007,18.57659,19.1766,0.600010000000001,yawright
10_04_25_11_26_04_001.wav,10_04_25_11_26_04_001_0008,19.1766,19.7266,0.5500000000000007,yawleft
10_04_25_11_26_04_001.wav,10_04_25_11_26_04_001_0009,19.7266,21.196609394819927,1.470009394819925,yawleft
10_04_25_11_26_04_001.wav,10_04_25_11_26_04_001_0010,21.4966,22.7966,1.3000000000000007,none
10_04_25_11_26_04_001.wav,10_04_25_11_26_04_001_0011,23.0566,23.7566,0.6999999999999993,forward
10_04_25_11_26_04_001.wav,10_04_25_11_26_04_001_0012,25.96784,26.1678,0.1999600000000008,none
10_04_25_11_26_04_001.wav,10_04_25_11_26_04_001_0013,26.2078,26.6078,0.4000000000000021,backward
10_04_25_11_26_04_001.wav,10_04_25_11_26_04_001_0014,27.2178,28.21865893085204,1.00085893085204,none
10_04_25_11_26_04_001.wav,10_04_25_11_26_04_001_0015,30.19246408256271,30.661894803303905,0.4694307207411938,backward
10_04_25_11_26_04_001.wav,10_04_25_11_26_04_001_0016,30.661894803303905,31.262766125852632,0.600871322548727,backward
10_04_25_11_26_04_002.wav,10_04_25_11_26_04_002_0001,0.7496938869826019,0.941,0.191306113017398,none
10_04_25_11_26_04_002.wav,10_04_25_11_26_04_002_0002,0.941,1.901,0.96,yawright
10_04_25_11_26_04_002.wav,10_04_25_11_26_04_002_0003,5.61471564848582,6.072262035249615,0.457546386763795,none
10_04_25_11_26_04_002.wav,10_04_25_11_26_04_002_0004,6.072262035249615,6.466,0.3937379647503851,none
10_04_25_11_26_04_002.wav,10_04_25_11_26_04_002_0005,7.396,7.676,0.2800000000000002,none
10_04_25_11_26_04_002.wav,10_04_25_11_26_04_002_0006,7.676,8.046,0.3699999999999992,forward
10_04_25_11_26_04_002.wav,10_04_25_11_26_04_002_0007,11.55511109704136,13.2066,1.65148890295864,none
10_04_25_11_26_04_002.wav,10_04_25_11_26_04_002_0008,13.2066,13.4166,0.2100000000000008,down
10_04_25_11_26_04_002.wav,10_04_25_11_26_04_002_0009,17.46284,17.620657713665555,0.1578177136655547,none
10_04_25_11_26_04_002.wav,10_04_25_11_26_04_002_0010,17.620657713665555,17.794600968137743,0.1739432544721886,none
10_04_25_11_26_04_002.wav,10_04_25_11_26_04_002_0011,17.794600968137743,18.07820410042935,0.2836031322916064,backward
10_04_25_11_26_04_002.wav,10_04_25_11_26_04_002_0012,18.07820410042935,18.25214735490154,0.1739432544721886,none
10_04_25_11_26_04_002.wav,10_04_25_11_26_04_002_0013,18.25214735490154,18.513062236609816,0.2609148817082776,none
10_04_25_11_26_04_002.wav,10_04_25_11_26_04_002_0014,18.513062236609816,18.88741837123474,0.3743561346249251,down
10_04_25_11_26_04_002.wav,10_04_25_11_26_04_002_0015,18.88741837123474,19.2628,0.3753816287652576,none
10_04_25_11_26_04_002.wav,10_04_25_11_26_04_002_0016,20.1328,20.270100039620832,0.1373000396208326,none
10_04_25_11_26_04_002.wav,10_04_25_11_26_04_002_0017,20.3628,21.1728,0.8099999999999987,forward
10_04_25_11_26_04_002.wav,10_04_25_11_26_04_002_0018,22.83586284708323,24.0153,1.179437152916769,none
10_04_25_11_26_04_002.wav,10_04_25_11_26_04_002_0019,24.0153,24.8753,0.8599999999999994,yawright
10_04_25_11_26_04_002.wav,10_04_25_11_26_04_002_0020,26.90882903508761,27.4985,0.5896709649123899,none
10_04_25_11_26_04_002.wav,10_04_25_11_26_04_002_0021,27.4985,29.0685,1.5700000000000005,yawright
10_04_25_11_26_04_002.wav,10_04_25_11_26_04_002_0022,31.507223466675597,31.7953,0.2880765333244071,none
10_04_25_11_26_04_002.wav,10_04_25_11_26_04_002_0023,31.7953,32.23324748534211,0.4379474853421108,forward
10_04_25_11_26_04_003.wav,10_04_25_11_26_04_003_0001,0.8285888785235249,1.051,0.222411121476475,none
10_04_25_11_26_04_003.wav,10_04_25_11_26_04_003_0002,1.051,1.8175893087200248,0.7665893087200253,yawright
10_04_25_11_26_04_003.wav,10_04_25_11_26_04_003_0003,3.08534,3.864229425532732,0.7788894255327317,none
10_04_25_11_26_04_003.wav,10_04_25_11_26_04_003_0004,4.0853,4.6853,0.5999999999999996,none
10_04_25_11_26_04_003.wav,10_04_25_11_26_04_003_0005,4.6853,4.8153,0.1299999999999999,up
10_04_25_11_26_04_003.wav,10_04_25_11_26_04_003_0006,7.033549627659344,7.1135,0.0799503723406562,none
10_04_25_11_26_04_003.wav,10_04_25_11_26_04_003_0007,7.1135,7.545101574312707,0.4316015743127064,forward
10_04_25_11_26_04_003.wav,10_04_25_11_26_04_003_0008,12.25609422077577,12.7242417598343,0.4681475390585312,none
10_04_25_11_26_04_003.wav,10_04_25_11_26_04_003_0009,12.817251204680366,14.026373987679223,1.2091227829988576,none
10_04_25_11_26_04_003.wav,10_04_25_11_26_04_003_0010,14.026373987679223,15.153287794367456,1.1269138066882327,none
10_04_25_11_26_04_003.wav,10_04_25_11_26_04_003_0011,15.153287794367456,16.05237909454609,0.8990913001786343,yawleft
10_04_25_11_26_04_003.wav,10_04_25_11_26_04_003_0012,17.760467558448426,18.476640283763132,0.7161727253147099,none
10_04_25_11_26_04_003.wav,10_04_25_11_26_04_003_0013,19.34456095623867,21.3191,1.9745390437613288,none
10_04_25_11_26_04_003.wav,10_04_25_11_26_04_003_0014,21.3191,21.4991,0.1799999999999997,down
10_04_25_11_26_04_003.wav,10_04_25_11_26_04_003_0015,22.5691,22.6391,0.0700000000000002,none
10_04_25_11_26_04_003.wav,10_04_25_11_26_04_003_0016,22.6391,23.097657587513787,0.4585575875137877,forward
10_04_25_11_26_04_004.wav,10_04_25_11_26_04_004_0001,6.253297593219545,6.7041,0.450802406780455,none
10_04_25_11_26_04_004.wav,10_04_25_11_26_04_004_0002,6.7041,7.32830114730316,0.6242011473031601,forward
10_04_25_11_26_04_004.wav,10_04_25_11_26_04_004_0003,9.63284,10.100993901570645,0.4681539015706448,forward
10_04_25_11_26_04_004.wav,10_04_25_11_26_04_004_0004,10.100993901570645,10.88159,0.7805960984293545,forward
10_04_25_11_26_04_004.wav,10_04_25_11_26_04_004_0005,13.66597,14.146003293577968,0.4800332935779678,forward
10_04_25_11_26_04_004.wav,10_04_25_11_26_04_004_0006,14.146003293577968,14.956208178089517,0.810204884511549,forward
10_04_25_11_26_04_004.wav,10_04_25_11_26_04_004_0007,15.286,15.616,0.33,none
10_04_25_11_26_04_004.wav,10_04_25_11_26_04_004_0008,15.616,17.125976381000932,1.509976381000932,yawleft
10_04_25_11_26_04_004.wav,10_04_25_11_26_04_004_0009,21.54659,21.6566,0.1100100000000026,none
10_04_25_11_26_04_004.wav,10_04_25_11_26_04_004_0010,21.6566,22.20808091606288,0.5514809160628786,forward
10_04_25_11_26_04_004.wav,10_04_25_11_26_04_004_0011,24.53347,25.02945398262452,0.4959839826245158,none
10_04_25_11_26_04_004.wav,10_04_25_11_26_04_004_0012,25.068976172112883,25.503720256484936,0.4347440843720527,none
10_04_25_11_26_04_004.wav,10_04_25_11_26_04_004_0013,26.001699844038374,26.847474699089453,0.8457748550510793,none
10_04_25_11_26_04_004.wav,10_04_25_11_26_04_004_0014,26.847474699089453,27.138769681058644,0.291294981969191,backward
10_04_25_11_26_04_004.wav,10_04_25_11_26_04_004_0015,27.138769681058644,27.613035954919063,0.4742662738604188,none
10_04_25_11_26_04_004.wav,10_04_25_11_26_04_004_0016,29.114856920579324,30.055485030402487,0.9406281098231624,yawleft
10_04_25_11_26_04_004.wav,10_04_25_11_26_04_004_0017,31.70534,32.48159,0.7762499999999974,none
10_04_25_11_26_04_004.wav,10_04_25_11_26_04_004_0018,34.024339741698284,35.10329551473074,1.0789557730324546,none
10_04_25_11_26_04_004.wav,10_04_25_11_26_04_004_0019,36.74063890999843,39.21077575302144,2.4701368430230133,none
10_04_25_11_26_04_004.wav,10_04_25_11_26_04_004_0020,39.62101963190475,40.19409137948609,0.5730717475813378,none
10_04_25_11_26_04_004.wav,10_04_25_11_26_04_004_0021,40.806387452770174,41.15418272026781,0.3477952674976379,none
10_04_25_11_26_04_004.wav,10_04_25_11_26_04_004_0022,41.15418272026781,41.561261271998006,0.4070785517301942,right
10_04_25_11_26_04_004.wav,10_04_25_11_26_04_004_0023,42.650988946295605,43.51257267714203,0.8615837308464265,none
10_04_25_11_26_04_004.wav,10_04_25_11_26_04_004_0024,44.09633059600875,44.463886958250576,0.3675563622418281,none
10_04_25_11_26_04_004.wav,10_04_25_11_26_04_004_0025,44.463886958250576,44.894678823673786,0.4307918654232097,down
10_04_25_11_26_04_004.wav,10_04_25_11_26_04_004_0026,45.14762083639934,45.75231033557138,0.6046894991720393,none
10_04_25_11_26_04_004.wav,10_04_25_11_26_04_004_0027,45.98153903460391,46.53847,0.5569309653960843,forward
10_04_25_11_26_04_005.wav,10_04_25_11_26_04_005_0001,0.0,0.211,0.211,down
10_04_25_11_26_04_005.wav,10_04_25_11_26_04_005_0002,0.7661802020008645,1.6815272835613388,0.9153470815604744,yawright
10_04_25_11_26_04_005.wav,10_04_25_11_26_04_005_0003,9.85222,10.715261976344152,0.8630419763441513,none
10_04_25_11_26_04_005.wav,10_04_25_11_26_04_005_0004,11.501537185864551,12.01107866242526,0.509541476560706,none
10_04_25_11_26_04_005.wav,10_04_25_11_26_04_005_0005,12.01107866242526,12.67436110174135,0.6632824393160917,forward
10_04_25_11_26_04_005.wav,10_04_25_11_26_04_005_0006,15.269912403068544,15.802716471459222,0.5328040683906785,up
10_04_25_11_26_04_005.wav,10_04_25_11_26_04_005_0007,17.93534,19.1353,1.1999600000000008,none
10_04_25_11_26_04_005.wav,10_04_25_11_26_04_005_0008,19.1353,19.5453,0.4100000000000001,left
10_04_25_11_26_04_005.wav,10_04_25_11_26_04_005_0009,19.5453,20.27584808304981,0.7305480830498077,down
10_04_25_11_26_04_005.wav,10_04_25_11_26_04_005_0010,22.27837834711046,22.5085,0.2301216528895402,none
10_04_25_11_26_04_005.wav,10_04_25_11_26_04_005_0011,22.5085,23.0485,0.5399999999999991,forward
10_04_25_11_26_04_005.wav,10_04_25_11_26_04_005_0012,25.089091005140038,26.104004934637302,1.0149139294972684,none
10_04_25_11_26_04_005.wav,10_04_25_11_26_04_005_0013,26.315026642750595,26.7997,0.4846733572494059,none
10_04_25_11_26_04_005.wav,10_04_25_11_26_04_005_0014,26.7997,26.9497,0.1499999999999985,down
31_03_25_09_08_04_000.wav,31_03_25_09_08_04_000_0001,2.73097,3.99659,1.2656199999999995,right
31_03_25_09_08_04_000.wav,31_03_25_09_08_04_000_0002,4.30034,6.30847,2.0081299999999995,yawleft
31_03_25_09_08_04_000.wav,31_03_25_09_08_04_000_0003,8.70472,10.07159,1.3668700000000005,yawleft
31_03_25_09_08_04_000.wav,31_03_25_09_08_04_000_0004,10.61159,12.06284,1.45125,right
31_03_25_09_08_04_000.wav,31_03_25_09_08_04_000_0005,13.31159,14.54347,1.2318799999999983,none
31_03_25_09_08_04_000.wav,31_03_25_09_08_04_000_0006,15.20159,16.11284,0.911249999999999,yawright
31_03_25_09_08_04_000.wav,31_03_25_09_08_04_000_0007,21.07409,21.59722,0.5231299999999983,none
31_03_25_09_08_04_000.wav,31_03_25_09_08_04_000_0008,21.8347,22.28499122718879,0.4502912271887886,none
31_03_25_09_08_04_000.wav,31_03_25_09_08_04_000_0009,22.28499122718879,22.99784,0.7128487728112098,down
31_03_25_09_08_04_000.wav,31_03_25_09_08_04_000_0010,23.58847,24.09472,0.5062499999999979,forward
31_03_25_09_08_04_000.wav,31_03_25_09_08_04_000_0011,27.60472,28.27972,0.6750000000000007,forward
31_03_25_09_08_04_000.wav,31_03_25_09_08_04_000_0012,33.05534,34.01722,0.9618800000000008,right
31_03_25_09_08_04_000.wav,31_03_25_09_08_04_000_0013,38.91097,39.61907080764996,0.7081008076499629,yawright
31_03_25_09_08_04_000.wav,31_03_25_09_08_04_000_0014,39.61907080764996,40.02472,0.4056491923500402,backward
31_03_25_09_08_04_000.wav,31_03_25_09_08_04_000_0015,47.19659,48.58034,1.3837499999999991,yawright
31_03_25_09_08_04_000.wav,31_03_25_09_08_04_000_0016,51.28034,51.98909,0.7087499999999949,yawright
31_03_25_09_08_04_000.wav,31_03_25_09_08_04_000_0017,53.55847,53.96347,0.4050000000000011,forward
31_03_25_09_08_04_000.wav,31_03_25_09_08_04_000_0018,57.2395046005877,58.25238857682239,1.01288397623469,none
31_03_25_09_08_04_000.wav,31_03_25_09_08_04_000_0019,58.25238857682239,58.75597,0.5035814231776072,backward
31_03_25_09_08_04_000.wav,31_03_25_09_08_04_000_0020,61.79347,62.38409,0.5906200000000013,forward
31_03_25_09_08_04_000.wav,31_03_25_09_08_04_000_0021,62.62034,63.59909,0.978749999999998,yawright
31_03_25_09_08_04_000.wav,31_03_25_09_08_04_000_0022,64.71284,65.40472,0.6918799999999976,none
31_03_25_09_08_04_000.wav,31_03_25_09_08_04_000_0023,67.21034,67.80097,0.5906300000000044,none
31_03_25_09_08_04_000.wav,31_03_25_09_08_04_000_0024,69.50534,70.99034,1.4849999999999994,none
31_03_25_09_08_04_000.wav,31_03_25_09_08_04_000_0025,71.74972,72.82972,1.0799999999999983,yawright
31_03_25_09_08_04_000.wav,31_03_25_09_08_04_000_0026,76.05284,76.2928,0.2399599999999964,none
31_03_25_09_08_04_000.wav,31_03_25_09_08_04_000_0027,76.6128,77.4035221436026,0.7907221436026077,yawright
31_03_25_09_08_04_000.wav,31_03_25_09_08_04_000_0028,79.52909,79.86659,0.3375000000000057,yawright
31_03_25_09_08_04_000.wav,31_03_25_09_08_04_000_0029,83.15722,83.7662832005488,0.6090632005488033,none
31_03_25_09_08_04_000.wav,31_03_25_09_08_04_000_0030,83.7662832005488,84.20347,0.4371867994511973,forward
31_03_25_09_08_04_000.wav,31_03_25_09_08_04_000_0031,88.25347,88.33663222001292,0.0831622200129231,none
31_03_25_09_08_04_000.wav,31_03_25_09_08_04_000_0032,88.7035,88.9335,0.2299999999999897,backward
31_03_25_09_08_04_000.wav,31_03_25_09_08_04_000_0033,88.9335,89.2435,0.3100000000000023,yawright
31_03_25_09_08_04_000.wav,31_03_25_09_08_04_000_0034,89.89771165909491,90.4735,0.5757883409050919,yawright
31_03_25_09_08_04_000.wav,31_03_25_09_08_04_000_0035,90.4735,91.06988347833573,0.59638347833571,backward
31_03_25_09_08_04_000.wav,31_03_25_09_08_04_000_0036,92.79071742886543,93.2628,0.472082571134564,none
31_03_25_09_08_04_000.wav,31_03_25_09_08_04_000_0037,93.6028,94.8428,1.2399999999999949,none
31_03_25_09_08_04_000.wav,31_03_25_09_08_04_000_0038,94.9928,95.1928,0.2000000000000028,none
31_03_25_09_08_04_000.wav,31_03_25_09_08_04_000_0039,95.2728,95.4928,0.2199999999999988,down
31_03_25_09_08_04_000.wav,31_03_25_09_08_04_000_0040,95.4928,95.9828,0.4899999999999949,yawright
31_03_25_09_08_04_000.wav,31_03_25_09_08_04_000_0041,95.9828,96.7328,0.75,none
31_03_25_09_08_04_000.wav,31_03_25_09_08_04_000_0042,96.92722,97.31534,0.3881200000000007,none
31_03_25_09_08_04_000.wav,31_03_25_09_08_04_000_0043,98.12534,98.95222,0.8268800000000027,yawleft
31_03_25_09_08_04_000.wav,31_03_25_09_08_04_000_0044,102.66472,103.1947,0.5299799999999948,none
31_03_25_09_08_04_000.wav,31_03_25_09_08_04_000_0045,103.1947,103.81222,0.617519999999999,forward
31_03_25_09_08_04_000.wav,31_03_25_09_08_04_000_0046,108.72284,109.5028,0.7799599999999884,up
31_03_25_09_08_04_000.wav,31_03_25_09_08_04_000_0047,110.0528,110.4728,0.4200000000000017,none
31_03_25_09_08_04_000.wav,31_03_25_09_08_04_000_0048,110.5728,110.8528,0.2800000000000011,down
31_03_25_09_08_04_000.wav,31_03_25_09_08_04_000_0049,110.8528,111.49034,0.6375400000000013,down
31_03_25_09_08_04_000.wav,31_03_25_09_08_04_000_0050,119.60722,120.61972,1.0125000000000028,yawright
31_03_25_09_08_04_001.wav,31_03_25_09_08_04_001_0001,1.49909,1.7997052699481242,0.3006152699481241,none
31_03_25_09_08_04_001.wav,31_03_25_09_08_04_001_0002,1.8745248215491328,2.4091,0.5345751784508672,yawright
31_03_25_09_08_04_001.wav,31_03_25_09_08_04_001_0003,2.4091,3.125673989988221,0.7165739899882215,backward
31_03_25_09_08_04_001.wav,31_03_25_09_08_04_001_0004,5.545821348281112,6.152691044600404,0.6068696963192926,none
31_03_25_09_08_04_001.wav,31_03_25_09_08_04_001_0005,7.376754230230935,7.684345720146193,0.3075914899152581,none
31_03_25_09_08_04_001.wav,31_03_25_09_08_04_001_0006,7.684345720146193,8.17482944730836,0.4904837271621671,forward
31_03_25_09_08_04_001.wav,31_03_25_09_08_04_001_0007,11.386459371332778,11.9641,0.577640628667222,none
31_03_25_09_08_04_001.wav,31_03_25_09_08_04_001_0008,11.9641,12.3841,0.4199999999999999,right
31_03_25_09_08_04_001.wav,31_03_25_09_08_04_001_0009,12.525379212370352,12.945200029687124,0.4198208173167703,up
31_03_25_09_08_04_001.wav,31_03_25_09_08_04_001_0010,15.40409,15.832499672193087,0.4284096721930872,up
31_03_25_09_08_04_001.wav,31_03_25_09_08_04_001_0011,16.2441,16.759430783694473,0.5153307836944734,none
31_03_25_09_08_04_001.wav,31_03_25_09_08_04_001_0012,17.96574992298146,18.35647424800895,0.3907243250274916,none
31_03_25_09_08_04_001.wav,31_03_25_09_08_04_001_0013,19.57021364064753,19.86533520529596,0.2951215646484222,none
31_03_25_09_08_04_001.wav,31_03_25_09_08_04_001_0014,20.1816,20.68835027290705,0.5067502729070519,yawright
31_03_25_09_08_04_001.wav,31_03_25_09_08_04_001_0015,21.98164561353306,22.056465165134068,0.0748195516010064,none
31_03_25_09_08_04_001.wav,31_03_25_09_08_04_001_0016,22.056465165134068,22.2847,0.2282348348659333,up
31_03_25_09_08_04_001.wav,31_03_25_09_08_04_001_0017,22.2847,23.091468962281358,0.8067689622813532,none
31_03_25_09_08_04_001.wav,31_03_25_09_08_04_001_0018,25.74847,26.2985,0.5500299999999996,none
31_03_25_09_08_04_001.wav,31_03_25_09_08_04_001_0019,26.2985,26.7285,0.4299999999999997,right
31_03_25_09_08_04_001.wav,31_03_25_09_08_04_001_0020,36.37798953162968,36.5697,0.1917104683703172,none
31_03_25_09_08_04_001.wav,31_03_25_09_08_04_001_0021,36.5697,37.08046198832804,0.5107619883280421,backward
31_03_25_09_08_04_001.wav,31_03_25_09_08_04_001_0022,39.61972,39.96159447959764,0.3418744795976423,none
31_03_25_09_08_04_001.wav,31_03_25_09_08_04_001_0023,40.35231880462513,40.5716,0.2192811953748688,none
31_03_25_09_08_04_001.wav,31_03_25_09_08_04_001_0024,40.5716,41.0016,0.4300000000000068,right
31_03_25_09_08_04_001.wav,31_03_25_09_08_04_001_0025,41.0016,41.20597,0.2043699999999972,none
31_03_25_09_08_04_001.wav,31_03_25_09_08_04_001_0026,43.0548279249842,43.50097,0.4461420750158069,none
31_03_25_09_08_04_001.wav,31_03_25_09_08_04_001_0027,45.01238174271577,45.42472,0.4123382572842331,none
31_03_25_09_08_04_001.wav,31_03_25_09_08_04_001_0028,46.73635941834079,47.1735,0.4371405816592073,none
31_03_25_09_08_04_001.wav,31_03_25_09_08_04_001_0029,47.1735,47.6535,0.480000000000004,forward
31_03_25_09_08_04_002.wav,31_03_25_09_08_04_002_0001,0.0,0.2313726200982754,0.2313726200982754,none
31_03_25_09_08_04_002.wav,31_03_25_09_08_04_002_0002,1.41472,2.429749414182106,1.015029414182106,yawright
31_03_25_09_08_04_002.wav,31_03_25_09_08_04_002_0003,9.1517341052267,9.86909,0.7173558947732985,none
31_03_25_09_08_04_002.wav,31_03_25_09_08_04_002_0004,10.71284,10.9828,0.2699599999999993,none
31_03_25_09_08_04_002.wav,31_03_25_09_08_04_002_0005,10.9828,11.5128,0.5300000000000011,forward
31_03_25_09_08_04_002.wav,31_03_25_09_08_04_002_0006,11.7728,12.0028,0.2300000000000004,none
31_03_25_09_08_04_002.wav,31_03_25_09_08_04_002_0007,12.0028,12.4003,0.3974999999999991,down
31_03_25_09_08_04_002.wav,31_03_25_09_08_04_002_0008,15.01597,15.156,0.1400300000000012,none
31_03_25_09_08_04_002.wav,31_03_25_09_08_04_002_0009,15.156,15.55597,0.3999699999999997,down
31_03_25_09_08_04_002.wav,31_03_25_09_08_04_002_0010,19.3465357197712,19.5122,0.1656642802287997,none
31_03_25_09_08_04_002.wav,31_03_25_09_08_04_002_0011,19.5122,19.7722,0.2600000000000015,forward
31_03_25_09_08_04_002.wav,31_03_25_09_08_04_002_0012,19.7722,20.1022,0.3299999999999983,none
31_03_25_09_08_04_002.wav,31_03_25_09_08_04_002_0013,21.9816,22.3016,0.3200000000000003,yawleft
31_03_25_09_08_04_002.wav,31_03_25_09_08_04_002_0014,23.79097,24.49972,0.7087499999999984,yawleft
31_03_25_09_08_04_002.wav,31_03_25_09_08_04_002_0015,26.42347,26.92987239023568,0.506402390235678,left
31_03_25_09_08_04_002.wav,31_03_25_09_08_04_002_0016,27.0935,27.83885202377042,0.7453520237704225,none
31_03_25_09_08_04_002.wav,31_03_25_09_08_04_002_0017,27.83885202377042,28.24597,0.4071179762295784,forward
31_03_25_09_08_04_002.wav,31_03_25_09_08_04_002_0018,31.53659,31.78609874629888,0.2495087462988756,none
31_03_25_09_08_04_002.wav,31_03_25_09_08_04_002_0019,32.0466,32.58284,0.5362399999999994,yawright
31_03_25_09_08_04_002.wav,31_03_25_09_08_04_002_0020,34.631,35.301,0.6700000000000017,yawright
31_03_25_09_08_04_002.wav,31_03_25_09_08_04_002_0021,35.791,36.001,0.2100000000000008,none
31_03_25_09_08_04_002.wav,31_03_25_09_08_04_002_0022,36.001,36.421,0.4200000000000017,backward
31_03_25_09_08_04_002.wav,31_03_25_09_08_04_002_0023,37.141,37.231,0.0900000000000034,none
31_03_25_09_08_04_002.wav,31_03_25_09_08_04_002_0024,37.231,37.741,0.509999999999998,backward
31_03_25_09_08_04_002.wav,31_03_25_09_08_04_002_0025,37.741,38.161,0.4200000000000017,none
31_03_25_09_08_04_002.wav,31_03_25_09_08_04_002_0026,42.33659,42.56550550454728,0.228915504547281,none
31_03_25_09_08_04_002.wav,31_03_25_09_08_04_002_0027,43.4466,44.04259740904124,0.5959974090412459,none
31_03_25_09_08_04_002.wav,31_03_25_09_08_04_002_0028,44.7966,45.3866,0.5900000000000034,none
31_03_25_09_08_04_002.wav,31_03_25_09_08_04_002_0029,45.3866,45.8266,0.4399999999999977,forward
31_03_25_09_08_04_002.wav,31_03_25_09_08_04_002_0030,46.3566,46.64923018167764,0.2926301816776373,none
31_03_25_09_08_04_003.wav,31_03_25_09_08_04_003_0001,0.0,0.5592616688399996,0.5592616688399996,none
31_03_25_09_08_04_003.wav,31_03_25_09_08_04_003_0002,2.08972,3.03472,0.9450000000000004,yawright
31_03_25_09_08_04_003.wav,31_03_25_09_08_04_003_0003,3.67597,4.35097,0.6750000000000003,none
31_03_25_09_08_04_003.wav,31_03_25_09_08_04_003_0004,8.505754349937762,9.18778865190823,0.682034301970468,none
31_03_25_09_08_04_003.wav,31_03_25_09_08_04_003_0005,10.22347,11.47222,1.2487499999999994,yawright
31_03_25_09_08_04_003.wav,31_03_25_09_08_04_003_0006,17.132995525378874,17.81502982734934,0.6820343019704644,none
31_03_25_09_08_04_003.wav,31_03_25_09_08_04_003_0007,18.76670559754069,19.4691,0.7023944024593121,yawleft
31_03_25_09_08_04_003.wav,31_03_25_09_08_04_003_0008,19.4691,20.8891,1.4199999999999982,none
31_03_25_09_08_04_003.wav,31_03_25_09_08_04_003_0009,21.74909,22.3691,0.6200100000000006,none
31_03_25_09_08_04_003.wav,31_03_25_09_08_04_003_0010,22.7691,23.683697076862657,0.9145970768626556,none
31_03_25_09_08_04_003.wav,31_03_25_09_08_04_003_0011,23.683697076862657,24.07784,0.3941429231373412,forward
31_03_25_09_08_04_003.wav,31_03_25_09_08_04_003_0012,25.49534,25.6953,0.1999600000000008,none
31_03_25_09_08_04_003.wav,31_03_25_09_08_04_003_0013,25.6953,25.9953,0.3000000000000007,yawleft
31_03_25_09_08_04_003.wav,31_03_25_09_08_04_003_0014,25.9953,26.33909,0.3437899999999985,none
31_03_25_09_08_04_003.wav,31_03_25_09_08_04_003_0015,28.16159,29.059528604717435,0.8979386047174351,none
31_03_25_09_08_04_003.wav,31_03_25_09_08_04_003_0016,30.65909,31.396920695053915,0.7378306950539155,none
31_03_25_09_08_04_003.wav,31_03_25_09_08_04_003_0017,32.06444415964056,32.5791,0.5146558403594383,up
31_03_25_09_08_04_003.wav,31_03_25_09_08_04_003_0018,33.2991,33.78097,0.4818700000000007,none
31_03_25_09_08_04_003.wav,31_03_25_09_08_04_003_0019,36.04222,36.7922,0.7499800000000008,none
31_03_25_09_08_04_003.wav,31_03_25_09_08_04_003_0020,36.7922,37.1222,0.3299999999999983,yawleft
31_03_25_09_08_04_003.wav,31_03_25_09_08_04_003_0021,37.1222,37.891312293971446,0.7691122939714461,yawleft
31_03_25_09_08_04_003.wav,31_03_25_09_08_04_003_0022,39.02696909735911,39.3085,0.2815309026408954,none
31_03_25_09_08_04_003.wav,31_03_25_09_08_04_003_0023,39.3085,39.8185,0.509999999999998,right
31_03_25_09_08_04_003.wav,31_03_25_09_08_04_003_0024,43.33222,43.5022,0.1699800000000024,none
31_03_25_09_08_04_003.wav,31_03_25_09_08_04_003_0025,43.5022,44.45421839240295,0.9520183924029482,backward
31_03_25_09_08_04_003.wav,31_03_25_09_08_04_003_0026,45.23909,46.3091,1.0700100000000037,yawleft
31_03_25_09_08_04_003.wav,31_03_25_09_08_04_003_0027,46.3091,46.7591,0.4499999999999957,yawleft
31_03_25_09_08_04_003.wav,31_03_25_09_08_04_003_0028,48.34409,48.7041,0.3600099999999955,yawleft
31_03_25_09_08_04_003.wav,31_03_25_09_08_04_003_0029,48.7041,48.9941,0.2900000000000062,yawleft
31_03_25_09_08_04_003.wav,31_03_25_09_08_04_003_0030,48.9941,49.20016051703786,0.2060605170378551,none
31_03_25_09_08_04_003.wav,31_03_25_09_08_04_003_0031,49.3301975555937,49.51224940957187,0.182051853978173,none
31_03_25_09_08_04_003.wav,31_03_25_09_08_04_003_0032,49.75498521487611,50.08441237921757,0.3294271643414603,none
31_03_25_09_08_04_003.wav,31_03_25_09_08_04_003_0033,50.42250867946275,50.64790621295953,0.2253975334967819,none
31_03_25_09_08_04_003.wav,31_03_25_09_08_04_003_0034,51.51659,51.80090128815465,0.2843112881546474,none
31_03_25_09_08_04_003.wav,31_03_25_09_08_04_003_0035,52.11299018068866,52.3153,0.2023098193113384,none
31_03_25_09_08_04_003.wav,31_03_25_09_08_04_003_0036,52.3153,52.65044916976187,0.3351491697618698,right
31_03_25_09_08_04_003.wav,31_03_25_09_08_04_003_0037,54.79034,55.2603,0.4699600000000004,right
31_03_25_09_08_04_003.wav,31_03_25_09_08_04_003_0038,55.2603,55.80337997945137,0.5430799794513703,none
31_03_25_09_08_04_003.wav,31_03_25_09_08_04_003_0039,56.1203,56.4903,0.3699999999999974,yawleft
31_03_25_09_08_04_003.wav,31_03_25_09_08_04_003_0040,56.4903,57.00165314444702,0.5113531444470212,right
31_03_25_09_08_04_004.wav,31_03_25_09_08_04_004_0001,1.4131009997927846,2.264463571789848,0.8513625719970634,yawright
31_03_25_09_08_04_004.wav,31_03_25_09_08_04_004_0002,4.73909,5.34659,0.6074999999999999,up
31_03_25_09_08_04_004.wav,31_03_25_09_08_04_004_0003,7.40534,7.91159,0.5062500000000005,none
31_03_25_09_08_04_004.wav,31_03_25_09_08_04_004_0004,9.58222,10.35847,0.776250000000001,right
31_03_25_09_08_04_004.wav,31_03_25_09_08_04_004_0005,12.13034,12.65347,0.5231300000000001,none
31_03_25_09_08_04_004.wav,31_03_25_09_08_04_004_0006,13.86847,14.35784,0.4893699999999992,none
31_03_25_09_08_04_004.wav,31_03_25_09_08_04_004_0007,15.401455887446446,15.811371199889477,0.4099153124430295,down
31_03_25_09_08_04_004.wav,31_03_25_09_08_04_004_0008,17.74972,17.9397,0.1899799999999984,up
31_03_25_09_08_04_004.wav,31_03_25_09_08_04_004_0009,17.9397,18.9397,1.0,forward
31_03_25_09_08_04_004.wav,31_03_25_09_08_04_004_0010,22.30597,23.23409,0.9281199999999998,none
31_03_25_09_08_04_004.wav,31_03_25_09_08_04_004_0011,25.051880434943364,25.81653015238517,0.7646497174418059,right
31_03_25_09_08_04_004.wav,31_03_25_09_08_04_004_0012,27.529594203995376,27.97104146354941,0.4414472595540317,none
31_03_25_09_08_04_004.wav,31_03_25_09_08_04_004_0013,29.73683050176554,30.18659,0.4497594982344601,none
31_03_25_09_08_04_004.wav,31_03_25_09_08_04_004_0014,31.18034792800296,31.57449726689048,0.3941493388875265,none
31_03_25_09_08_04_004.wav,31_03_25_09_08_04_004_0015,32.638700481886815,33.1353286488851,0.4966281669982848,down
31_03_25_09_08_04_004.wav,31_03_25_09_08_04_004_0016,35.46847,35.97472,0.5062499999999943,none
31_03_25_09_08_04_004.wav,31_03_25_09_08_04_004_0017,37.25722,38.52284,1.2656200000000055,yawright
31_03_25_09_08_04_004.wav,31_03_25_09_08_04_004_0018,39.40034,40.0103,0.609960000000001,none
31_03_25_09_08_04_004.wav,31_03_25_09_08_04_004_0019,40.0103,40.2759132511988,0.2656132511988005,forward
31_03_25_09_08_04_004.wav,31_03_25_09_08_04_004_0020,42.37034,43.29847,0.928130000000003,none
31_03_25_09_08_04_004.wav,31_03_25_09_08_04_004_0021,43.79706311632802,44.45135101888132,0.6542879025532997,none
31_03_25_09_08_04_004.wav,31_03_25_09_08_04_004_0022,44.61689374121408,45.54284,0.9259462587859204,yawright
31_03_25_09_08_04_005.wav,31_03_25_09_08_04_005_0001,0.0,0.216555032240986,0.216555032240986,forward
31_03_25_09_08_04_005.wav,31_03_25_09_08_04_005_0002,1.39784,1.9480851414325335,0.5502451414325338,none
31_03_25_09_08_04_005.wav,31_03_25_09_08_04_005_0003,2.517355314317426,3.23722,0.7198646856825741,backward
31_03_25_09_08_04_005.wav,31_03_25_09_08_04_005_0004,6.537825910316979,7.30409,0.7662640896830215,yawright
31_03_25_09_08_04_005.wav,31_03_25_09_08_04_005_0005,8.60347,9.41347,0.8100000000000005,yawright
31_03_25_09_08_04_005.wav,31_03_25_09_08_04_005_0006,13.082898457683385,15.300680172880778,2.2177817151973933,none
31_03_25_09_08_04_005.wav,31_03_25_09_08_04_005_0007,15.79879157415506,16.474799904455868,0.6760083303008084,none
31_03_25_09_08_04_005.wav,31_03_25_09_08_04_005_0008,19.04658767609541,19.84119395908057,0.7946062829851606,none
31_03_25_09_08_04_005.wav,31_03_25_09_08_04_005_0009,20.791124842161903,21.787347644710465,0.9962228025485622,none
31_03_25_09_08_04_005.wav,31_03_25_09_08_04_005_0010,21.787347644710465,22.985186966822425,1.1978393221119603,yawright
31_03_25_09_08_04_005.wav,31_03_25_09_08_04_005_0011,24.59811912332962,25.21482847728825,0.6167093539586332,none
31_03_25_09_08_04_005.wav,31_03_25_09_08_04_005_0012,25.21482847728825,25.60620172114662,0.3913732438583643,forward
31_03_25_09_08_04_005.wav,31_03_25_09_08_04_005_0013,25.60620172114662,26.377088413594908,0.7708866924482898,none
31_03_25_09_08_04_005.wav,31_03_25_09_08_04_005_0014,28.58347,29.004092836752697,0.4206228367526989,none
31_03_25_09_08_04_005.wav,31_03_25_09_08_04_005_0015,29.004092836752697,29.47784,0.4737471632473031,none
31_03_25_09_08_04_005.wav,31_03_25_09_08_04_005_0016,31.91579925555408,33.18479734927665,1.2689980937225729,none
31_03_25_09_08_04_005.wav,31_03_25_09_08_04_005_0017,34.35891708085174,35.24840172598439,0.8894846451326472,yawleft
31_03_25_09_08_04_005.wav,31_03_25_09_08_04_005_0018,35.3551398834003,35.876970875211455,0.5218309918111572,up
31_03_25_09_08_04_005.wav,31_03_25_09_08_04_005_0019,38.66076743007412,39.135159240811525,0.4743918107374085,none
31_03_25_09_08_04_005.wav,31_03_25_09_08_04_005_0020,39.135159240811525,39.60955105154894,0.4743918107374156,forward
31_03_25_09_08_04_005.wav,31_03_25_09_08_04_005_0021,42.44404212070496,43.41654533271665,0.972503212011688,forward
31_03_25_09_08_04_005.wav,31_03_25_09_08_04_005_0022,43.41654533271665,43.91465673399093,0.4981114012742793,backward
31_03_25_09_08_04_005.wav,31_03_25_09_08_04_005_0023,43.91465673399093,44.82786096966045,0.913204235669518,yawright
31_03_25_09_08_04_005.wav,31_03_25_09_08_04_005_0024,44.82786096966045,45.50386929996126,0.6760083303008102,left
31_03_25_09_08_04_005.wav,31_03_25_09_08_04_005_0025,48.68159,50.91358992557635,2.2319999255763534,none
31_03_25_09_08_04_005.wav,31_03_25_09_08_04_005_0026,50.91358992557635,51.39847,0.4848800744236499,left
31_03_25_09_08_04_005.wav,31_03_25_09_08_04_005_0027,53.15509123131061,53.60576345151115,0.4506722202005377,none
31_03_25_09_08_04_005.wav,31_03_25_09_08_04_005_0028,56.68034,57.13934190150045,0.45900190150045,none
31_03_25_09_08_04_005.wav,31_03_25_09_08_04_005_0029,57.13934190150045,57.44769657847976,0.308354676979313,up
31_03_25_09_08_04_005.wav,31_03_25_09_08_04_005_0030,57.44769657847976,57.72047186965378,0.272775291174014,down
31_03_25_09_08_04_005.wav,31_03_25_09_08_04_005_0031,57.72047186965378,57.87464920814344,0.1541773384896601,up
31_03_25_09_08_04_005.wav,31_03_25_09_08_04_005_0032,57.87464920814344,58.53659,0.6619407918565585,yawleft
31_03_25_09_08_04_005.wav,31_03_25_09_08_04_005_0033,64.61159,65.64880477780213,1.03721477780212,none
31_03_25_09_08_04_005.wav,31_03_25_09_08_04_005_0034,65.64880477780213,66.21472,0.5659152221978729,yawleft
31_03_25_09_08_04_005.wav,31_03_25_09_08_04_005_0035,68.17222,69.89347,1.7212499999999975,none
31_03_25_09_08_04_005.wav,31_03_25_09_08_04_005_0036,70.87222,71.3692415128107,0.4970215128107043,none
31_03_25_09_08_04_005.wav,31_03_25_09_08_04_005_0037,72.67784,73.90972,1.2318799999999896,none
31_03_25_09_08_04_005.wav,31_03_25_09_08_04_005_0038,75.37784,76.45039656493027,1.0725565649302666,none
31_03_25_09_08_04_005.wav,31_03_25_09_08_04_005_0039,77.05524612362046,77.84985240660563,0.7946062829851712,forward
31_03_25_09_08_04_005.wav,31_03_25_09_08_04_005_0040,80.97210007702144,81.63624861205382,0.6641485350323819,none
31_03_25_09_08_04_005.wav,31_03_25_09_08_04_005_0041,81.63624861205382,82.41899509977054,0.7827464877167216,up
31_03_25_09_08_04_005.wav,31_03_25_09_08_04_005_0042,82.54945284772333,83.05942404426605,0.5099711965427218,none
31_03_25_09_08_04_005.wav,31_03_25_09_08_04_005_0043,83.05942404426605,83.62869421715094,0.5692701728848846,left
31_03_25_09_08_04_005.wav,31_03_25_09_08_04_005_0044,89.75534,90.94031777134064,1.184977771340641,none
31_03_25_09_08_04_005.wav,31_03_25_09_08_04_005_0045,91.55702712529929,92.39907258935816,0.8420454640588986,left
31_03_25_09_08_04_005.wav,31_03_25_09_08_04_005_0046,93.4901737540542,94.1899016748919,0.6997279208376881,yawleft
31_03_25_09_08_04_005.wav,31_03_25_09_08_04_005_0047,94.73545225723991,95.24542345378264,0.5099711965427218,left
31_03_25_09_08_04_005.wav,31_03_25_09_08_04_005_0048,95.24542345378264,95.8739926030097,0.6285691492270615,left
31_03_25_09_08_04_005.wav,31_03_25_09_08_04_005_0049,96.59744011438426,97.01253294877948,0.4150928343952245,left
31_03_25_09_08_04_005.wav,31_03_25_09_08_04_005_0050,97.71226086961715,98.26967124723362,0.5574103776164492,left
31_03_25_09_08_04_005.wav,31_03_25_09_08_04_005_0051,98.64918469582356,99.3370528213928,0.6878681255692385,none
31_03_25_09_08_04_005.wav,31_03_25_09_08_04_005_0052,101.46659,102.4919448143965,1.0253548143965077,none
31_03_25_09_08_04_005.wav,31_03_25_09_08_04_005_0053,102.4919448143965,102.90097,0.4090251856034967,forward
31_03_25_09_08_04_005.wav,31_03_25_09_08_04_005_0054,106.45311643405388,108.03046920475576,1.5773527707018786,up
31_03_25_09_08_04_005.wav,31_03_25_09_08_04_005_0055,108.03046920475576,108.45284,0.4223707952442339,forward
31_03_25_09_08_04_005.wav,31_03_25_09_08_04_005_0056,117.85325586451336,118.01387772480938,0.1606218602960183,down
31_03_25_09_08_04_005.wav,31_03_25_09_08_04_005_0057,118.01387772480938,118.17991485856749,0.1660371337580954,yawright
31_03_25_09_08_04_005.wav,31_03_25_09_08_04_005_0058,118.17991485856749,118.357811787594,0.1778969290265308,yawright
31_03_25_09_08_04_005.wav,31_03_25_09_08_04_005_0059,118.357811787594,119.26972,0.9119082124060044,none
31_03_25_10_10_55_000.wav,31_03_25_10_10_55_000_0001,2.17409,2.715184501037678,0.5410945010376778,none
31_03_25_10_10_55_000.wav,31_03_25_10_10_55_000_0002,2.715184501037678,4.80659,2.091405498962322,none
31_03_25_10_10_55_000.wav,31_03_25_10_10_55_000_0003,9.91972,10.5567303446247,0.6370103446246986,none
31_03_25_10_10_55_000.wav,31_03_25_10_10_55_000_0004,11.336075271106267,13.593488161604602,2.257412890498335,none
31_03_25_10_10_55_000.wav,31_03_25_10_10_55_000_0005,13.593488161604602,14.78937951430908,1.1958913527044768,none
31_03_25_10_10_55_000.wav,31_03_25_10_10_55_000_0006,14.78937951430908,15.80909,1.0197104856909205,right
31_03_25_10_10_55_000.wav,31_03_25_10_10_55_000_0007,17.96909,19.62284,1.6537499999999987,yawleft
31_03_25_10_10_55_000.wav,31_03_25_10_10_55_000_0008,21.63097,23.53784,1.9068699999999976,none
31_03_25_10_10_55_000.wav,31_03_25_10_10_55_000_0009,25.88347,27.16597,1.2825000000000024,yawleft
31_03_25_10_10_55_000.wav,31_03_25_10_10_55_000_0010,30.32159,31.19909,0.8775000000000013,none
31_03_25_10_10_55_000.wav,31_03_25_10_10_55_000_0011,32.98784,34.11847,1.1306300000000036,none
31_03_25_10_10_55_000.wav,31_03_25_10_10_55_000_0012,39.856615011177176,41.83185129036322,1.975236279186042,none
31_03_25_10_10_55_000.wav,31_03_25_10_10_55_000_0013,42.18121280913082,42.879935846666015,0.6987230375351956,none
31_03_25_10_10_55_000.wav,31_03_25_10_10_55_000_0014,42.879935846666015,43.99034,1.110404153333988,right
31_03_25_10_10_55_000.wav,31_03_25_10_10_55_000_0015,46.01534,46.58909,0.5737499999999969,down
31_03_25_10_10_55_001.wav,31_03_25_10_10_55_001_0001,2.57909,3.60847,1.0293800000000002,none
31_03_25_10_10_55_001.wav,31_03_25_10_10_55_001_0002,7.27034,8.06347,0.7931300000000006,none
31_03_25_10_10_55_001.wav,31_03_25_10_10_55_001_0003,9.61192851946175,10.213558116453733,0.6016295969919803,none
31_03_25_10_10_55_001.wav,31_03_25_10_10_55_001_0004,10.50981511497251,11.840692708318404,1.330877593345896,backward
31_03_25_10_10_55_001.wav,31_03_25_10_10_55_001_0005,12.374510159325547,12.734021503851952,0.3595113445264033,down
31_03_25_10_10_55_001.wav,31_03_25_10_10_55_001_0006,12.734021503851952,13.14284,0.4088184961480472,right
31_03_25_10_10_55_001.wav,31_03_25_10_10_55_001_0007,18.22686621236465,19.396861318314578,1.1699951059499227,none
31_03_25_10_10_55_001.wav,31_03_25_10_10_55_001_0008,19.396861318314578,20.53409,1.1372286816854211,yawleft
31_03_25_10_10_55_001.wav,31_03_25_10_10_55_001_0009,23.95972,24.463160880871307,0.503440880871306,none
31_03_25_10_10_55_001.wav,31_03_25_10_10_55_001_0010,24.463160880871307,24.97222,0.5090591191286933,down
31_03_25_10_10_55_001.wav,31_03_25_10_10_55_001_0011,31.09784,31.401173490141883,0.3033334901418811,none
31_03_25_10_10_55_001.wav,31_03_25_10_10_55_001_0012,32.129661008940886,32.89126159677622,0.761600587835332,none
31_03_25_10_10_55_001.wav,31_03_25_10_10_55_001_0013,32.89126159677622,33.55352297750259,0.6622613807263704,yawleft
31_03_25_10_10_55_001.wav,31_03_25_10_10_55_001_0014,33.80738984011436,34.08333208208368,0.275942241969318,none
31_03_25_10_10_55_001.wav,31_03_25_10_10_55_001_0015,34.80078191120391,35.849362430687336,1.0485805194834228,right
31_03_25_10_10_55_001.wav,31_03_25_10_10_55_001_0016,37.18492288181885,37.615392779290985,0.4304698974721361,none
31_03_25_10_10_55_001.wav,31_03_25_10_10_55_001_0017,37.615392779290985,37.85822195222399,0.242829172933007,forward
31_03_25_10_10_55_001.wav,31_03_25_10_10_55_001_0018,37.85822195222399,38.32034,0.4621180477760092,none
31_03_25_10_10_55_001.wav,31_03_25_10_10_55_001_0019,40.308228216001936,40.959451907049534,0.6512236910475977,none
31_03_25_10_10_55_001.wav,31_03_25_10_10_55_001_0020,41.77624094327872,42.12944701299945,0.3532060697207271,none
31_03_25_10_10_55_001.wav,31_03_25_10_10_55_001_0021,42.12944701299945,42.79222,0.662772987000551,left
31_03_25_10_10_55_001.wav,31_03_25_10_10_55_001_0022,45.04339708819548,45.93744995217608,0.8940528639806047,none
31_03_25_10_10_55_001.wav,31_03_25_10_10_55_001_0023,46.37895753932699,47.07433198908968,0.6953744497626886,none
31_03_25_10_10_55_001.wav,31_03_25_10_10_55_001_0024,49.63944544715013,51.65934265836556,2.019897211215429,none
31_03_25_10_10_55_002.wav,31_03_25_10_10_55_002_0001,0.0,0.5688934911990441,0.5688934911990441,none
31_03_25_10_10_55_002.wav,31_03_25_10_10_55_002_0002,6.20722,6.593073886520099,0.3858538865200982,none
31_03_25_10_10_55_002.wav,31_03_25_10_10_55_002_0003,7.767262599638903,8.387994324824016,0.6207317251851121,forward
31_03_25_10_10_55_002.wav,31_03_25_10_10_55_002_0004,8.387994324824016,8.971388803381453,0.5833944785574374,forward
31_03_25_10_10_55_002.wav,31_03_25_10_10_55_002_0005,10.410882281841372,10.737583189833538,0.3267009079921656,none
31_03_25_10_10_55_002.wav,31_03_25_10_10_55_002_0006,12.97409,13.26575414700678,0.2916641470067809,backward
31_03_25_10_10_55_002.wav,31_03_25_10_10_55_002_0007,13.26575414700678,13.61534,0.3495858529932185,up
31_03_25_10_10_55_002.wav,31_03_25_10_10_55_002_0008,14.944014421509555,15.424731471840884,0.4807170503313269,none
31_03_25_10_10_55_002.wav,31_03_25_10_10_55_002_0009,15.424731471840884,15.882112743029914,0.4573812711890301,yawright
31_03_25_10_10_55_002.wav,31_03_25_10_10_55_002_0010,15.882112743029914,16.29847,0.4163572569700839,none
31_03_25_10_10_55_002.wav,31_03_25_10_10_55_002_0011,18.916346012971182,19.33639003753253,0.4200440245613528,none
31_03_25_10_10_55_002.wav,31_03_25_10_10_55_002_0012,19.401730219130968,19.999126165173784,0.5973959460428162,backward
31_03_25_10_10_55_002.wav,31_03_25_10_10_55_002_0013,19.999126165173784,20.53409,0.5349638348262147,down
31_03_25_10_10_55_002.wav,31_03_25_10_10_55_002_0014,25.09034,25.68383435569956,0.5934943556995584,none
31_03_25_10_10_55_002.wav,31_03_25_10_10_55_002_0015,26.554911466869104,27.012292738058136,0.4573812711890319,none
31_03_25_10_10_55_002.wav,31_03_25_10_10_55_002_0016,27.012292738058136,27.460339697590246,0.4480469595321104,down
31_03_25_10_10_55_002.wav,31_03_25_10_10_55_002_0017,28.48027747337966,29.217688094276262,0.7374106208966005,yawright
31_03_25_10_10_55_002.wav,31_03_25_10_10_55_002_0018,31.21616688985389,32.200936769658846,0.9847698798049508,none
31_03_25_10_10_55_002.wav,31_03_25_10_10_55_002_0019,32.56030776845023,33.25104683106223,0.6907390626120034,forward
31_03_25_10_10_55_003.wav,31_03_25_10_10_55_003_0001,0.0,0.3546651006443697,0.3546651006443697,none
31_03_25_10_10_55_003.wav,31_03_25_10_10_55_003_0002,4.442284802647135,4.847364232575337,0.4050794299282021,none
31_03_25_10_10_55_003.wav,31_03_25_10_10_55_003_0003,5.2033431255425455,6.369480878366158,1.1661377528236123,none
31_03_25_10_10_55_003.wav,31_03_25_10_10_55_003_0004,7.069163530060325,7.75972,0.6905564699396747,none
31_03_25_10_10_55_003.wav,31_03_25_10_10_55_003_0005,8.89034,9.64128491951644,0.7509449195164386,none
31_03_25_10_10_55_003.wav,31_03_25_10_10_55_003_0006,9.64128491951644,10.500544316333835,0.8592593968173983,left
31_03_25_10_10_55_003.wav,31_03_25_10_10_55_003_0007,11.359803713151235,12.304989049650374,0.9451853364991384,none
31_03_25_10_10_55_003.wav,31_03_25_10_10_55_003_0008,12.304989049650374,12.906470627422552,0.6014815777721783,none
31_03_25_10_10_55_003.wav,31_03_25_10_10_55_003_0009,12.906470627422552,14.637264555297596,1.7307939278750446,yawright
31_03_25_10_10_55_003.wav,31_03_25_10_10_55_003_0010,14.637264555297596,15.10034,0.4630754447024028,down
31_03_25_10_10_55_003.wav,31_03_25_10_10_55_003_0011,17.58097,17.98723923392678,0.4062692339267784,none
31_03_25_10_10_55_003.wav,31_03_25_10_10_55_003_0012,18.33094299265374,18.66237161714045,0.3314286244867119,none
31_03_25_10_10_55_003.wav,31_03_25_10_10_55_003_0013,18.66237161714045,19.116551584029647,0.4541799668891961,left
31_03_25_10_10_55_003.wav,31_03_25_10_10_55_003_0014,19.116551584029647,19.65659,0.5400384159703542,backward
31_03_25_10_10_55_003.wav,31_03_25_10_10_55_003_0015,21.47909,22.35718702345526,0.8780970234552612,none
31_03_25_10_10_55_003.wav,31_03_25_10_10_55_003_0016,22.35718702345526,23.04847,0.6912829765447377,forward
31_03_25_10_10_55_003.wav,31_03_25_10_10_55_003_0017,27.31784,28.33152083672481,1.0136808367248094,none
31_03_25_10_10_55_003.wav,31_03_25_10_10_55_003_0018,28.33152083672481,28.76909,0.4375691632751888,down
31_03_25_10_10_55_003.wav,31_03_25_10_10_55_003_0019,30.25409,30.761997416294022,0.5079074162940209,none
31_03_25_10_10_55_003.wav,31_03_25_10_10_55_003_0020,30.761997416294022,31.38472,0.6227225837059791,down
31_03_25_10_10_55_003.wav,31_03_25_10_10_55_003_0021,35.82284,36.39659,0.573750000000004,none
31_03_25_10_10_55_003.wav,31_03_25_10_10_55_003_0022,38.32034,38.94731496557724,0.626974965577233,none
31_03_25_10_10_55_004.wav,31_03_25_10_10_55_004_0001,0.0,0.8057066981453737,0.8057066981453737,none
31_03_25_10_10_55_004.wav,31_03_25_10_10_55_004_0002,2.2324527119063173,2.8134916658710947,0.5810389539647773,down
31_03_25_10_10_55_004.wav,31_03_25_10_10_55_004_0003,2.902878571537954,3.082766792579681,0.1798882210417267,none
31_03_25_10_10_55_004.wav,31_03_25_10_10_55_004_0004,3.082766792579681,3.8868671406362,0.8041003480565188,yawleft
31_03_25_10_10_55_004.wav,31_03_25_10_10_55_004_0005,8.325196509932452,9.01057063210143,0.6853741221689784,none
31_03_25_10_10_55_004.wav,31_03_25_10_10_55_004_0006,9.673823077288162,9.947253173271587,0.273430095983425,none
31_03_25_10_10_55_004.wav,31_03_25_10_10_55_004_0007,9.947253173271587,10.343007259563386,0.3957540862917987,forward
31_03_25_10_10_55_004.wav,31_03_25_10_10_55_004_0008,10.435329571545433,11.041552876456052,0.6062233049106194,none
31_03_25_10_10_55_004.wav,31_03_25_10_10_55_004_0009,11.041552876456052,11.28659,0.2450371235439483,up
31_03_25_10_10_55_004.wav,31_03_25_10_10_55_004_0010,13.653882163064814,14.567714325956786,0.9138321628919712,backward
31_03_25_10_10_55_004.wav,31_03_25_10_10_55_004_0011,14.567714325956786,15.06659,0.4988756740432141,down
31_03_25_10_10_55_004.wav,31_03_25_10_10_55_004_0012,17.522410551795602,18.250957847014597,0.7285472952189913,none
31_03_25_10_10_55_004.wav,31_03_25_10_10_55_004_0013,19.244730452918983,19.76460741172958,0.5198769588105918,none
31_03_25_10_10_55_004.wav,31_03_25_10_10_55_004_0014,19.76460741172958,20.070417387500516,0.3058099757709343,backward
31_03_25_10_10_55_004.wav,31_03_25_10_10_55_004_0015,20.070417387500516,20.71955000596534,0.6491326184648258,none
31_03_25_10_10_55_004.wav,31_03_25_10_10_55_004_0016,20.71955000596534,21.37388370748928,0.6543337015239388,yawleft
31_03_25_10_10_55_004.wav,31_03_25_10_10_55_004_0017,22.995368973554942,23.75371923749377,0.75835026393883,none
31_03_25_10_10_55_004.wav,31_03_25_10_10_55_004_0018,24.00774789733535,24.49046711675321,0.4827192194178593,none
31_03_25_10_10_55_004.wav,31_03_25_10_10_55_004_0019,26.261241623741924,27.284827694280047,1.0235860705381228,none
31_03_25_10_10_55_004.wav,31_03_25_10_10_55_004_0020,27.7107294839196,28.345801133523544,0.6350716496039439,left
31_03_25_10_10_55_004.wav,31_03_25_10_10_55_004_0021,31.82347,32.43176484342129,0.6082948434212909,left
31_03_25_10_10_55_004.wav,31_03_25_10_10_55_004_0022,35.363798391692235,35.92415572957807,0.5603573378858329,none
31_03_25_10_10_55_004.wav,31_03_25_10_10_55_004_0023,36.02875576598342,36.39112017781626,0.3623644118328428,backward
31_03_25_10_10_55_004.wav,31_03_25_10_10_55_004_0024,36.39112017781626,36.85222,0.4610998221837405,backward
31_03_25_10_10_55_004.wav,31_03_25_10_10_55_004_0025,42.40674290213136,44.132643502819725,1.7259006006883697,none
31_03_25_10_10_55_004.wav,31_03_25_10_10_55_004_0026,45.11833901798756,45.50685343892174,0.3885144209341789,none
31_03_25_10_10_55_004.wav,31_03_25_10_10_55_004_0027,45.641339200014336,46.05226791446395,0.4109287144496107,none
31_03_25_10_10_55_004.wav,31_03_25_10_10_55_004_0028,46.05226791446395,47.28097,1.2287020855360566,yawright
31_03_25_10_10_55_004.wav,31_03_25_10_10_55_004_0029,49.95480581908063,50.249927350367166,0.29512153128654,none
31_03_25_10_10_55_004.wav,31_03_25_10_10_55_004_0030,51.06057763250868,51.88462249143751,0.8240448589288363,forward
31_03_25_10_10_55_004.wav,31_03_25_10_10_55_004_0031,53.6243387297544,54.737581974354256,1.1132432445998577,none
31_03_25_10_10_55_004.wav,31_03_25_10_10_55_004_0032,54.737581974354256,55.36409,0.6265080256457409,right
31_03_25_10_10_55_004.wav,31_03_25_10_10_55_004_0033,57.049644393304426,58.828453943822495,1.7788095505180692,none
31_03_25_10_10_55_004.wav,31_03_25_10_10_55_004_0034,61.13838935843567,61.4335108897222,0.2951215312865329,none
31_03_25_10_10_55_004.wav,31_03_25_10_10_55_004_0035,61.6315038157752,62.147032566630166,0.5155287508549691,none
31_03_25_10_10_55_004.wav,31_03_25_10_10_55_004_0036,63.38025487724334,63.82854074755201,0.4482858703086734,none
31_03_25_10_10_55_004.wav,31_03_25_10_10_55_004_0037,64.45163866083169,65.49390330929934,1.0422646484676503,right
31_03_25_10_10_55_004.wav,31_03_25_10_10_55_004_0038,67.70289453660163,68.67847,0.9755754633983712,none
31_03_25_10_10_55_005.wav,31_03_25_10_10_55_005_0001,1.3612289087345182,2.559247398871688,1.19801849013717,none
31_03_25_10_10_55_005.wav,31_03_25_10_10_55_005_0002,3.4989922058122342,4.17529296637354,0.6763007605613058,yawright
31_03_25_10_10_55_005.wav,31_03_25_10_10_55_005_0003,4.17529296637354,5.180082667778908,1.0047897014053682,yawleft
31_03_25_10_10_55_005.wav,31_03_25_10_10_55_005_0004,5.325004259327759,6.059273656508606,0.7342693971808467,none
31_03_25_10_10_55_005.wav,31_03_25_10_10_55_005_0005,6.56166850721129,6.9094803269285325,0.3478118197172426,none
31_03_25_10_10_55_005.wav,31_03_25_10_10_55_005_0006,7.281260626163767,7.61941100644442,0.3381503802806529,none
31_03_25_10_10_55_005.wav,31_03_25_10_10_55_005_0007,7.61941100644442,8.295711767005725,0.6763007605613058,backward
31_03_25_10_10_55_005.wav,31_03_25_10_10_55_005_0008,8.295711767005725,8.99159,0.695878232994275,down
31_03_25_10_10_55_005.wav,31_03_25_10_10_55_005_0009,15.85972,16.209005107227362,0.349285107227363,up
31_03_25_10_10_55_005.wav,31_03_25_10_10_55_005_0010,16.614785563564144,17.097857535393647,0.4830719718295029,none
31_03_25_14_07_57_000.wav,31_03_25_14_07_57_000_0001,4.67879,5.23231,0.5535199999999998,none
31_03_25_14_07_57_000.wav,31_03_25_14_07_57_000_0002,6.33102,7.61218,1.2811600000000007,none
31_03_25_14_07_57_000.wav,31_03_25_14_07_57_000_0003,7.96761,8.64601,0.6784000000000008,none
31_03_25_14_07_57_000.wav,31_03_25_14_07_57_000_0004,9.98656,11.93535,1.948789999999999,yawright
31_03_25_14_07_57_000.wav,31_03_25_14_07_57_000_0005,15.46132,16.97607,1.5147499999999994,none
31_03_25_14_07_57_000.wav,31_03_25_14_07_57_000_0006,20.81492,21.68213,0.86721,none
31_03_25_14_07_57_000.wav,31_03_25_14_07_57_000_0007,21.96285,22.35173,0.3888800000000003,none
31_03_25_14_07_57_000.wav,31_03_25_14_07_57_000_0008,22.75204,23.46244,0.7103999999999999,none
31_03_25_14_07_57_000.wav,31_03_25_14_07_57_000_0009,24.20972,24.57810791216433,0.3683879121643336,down
31_03_25_14_07_57_000.wav,31_03_25_14_07_57_000_0010,24.57810791216433,25.20946,0.6313520878356655,none
31_03_25_14_07_57_000.wav,31_03_25_14_07_57_000_0011,27.5721,28.06314,0.4910400000000017,none
31_03_25_14_07_57_000.wav,31_03_25_14_07_57_000_0012,28.48971,29.0497,0.5599900000000027,none
31_03_25_14_07_57_000.wav,31_03_25_14_07_57_000_0013,29.0497,29.3397,0.2899999999999991,forward
31_03_25_14_07_57_000.wav,31_03_25_14_07_57_000_0014,29.3397,29.82645,0.4867500000000007,forward
31_03_25_14_07_57_000.wav,31_03_25_14_07_57_000_0015,33.28962,34.33682,1.0472000000000037,none
31_03_25_14_07_57_000.wav,31_03_25_14_07_57_000_0016,35.8342,36.3042,0.4699999999999988,none
31_03_25_14_07_57_000.wav,31_03_25_14_07_57_000_0017,36.3042,37.47211,1.1679099999999991,yawright
31_03_25_14_07_57_000.wav,31_03_25_14_07_57_000_0018,38.36041,39.0127,0.6522900000000007,none
31_03_25_14_07_57_000.wav,31_03_25_14_07_57_000_0019,40.23799,40.68051,0.4425199999999947,none
31_03_25_14_07_57_001.wav,31_03_25_14_07_57_001_0001,0.84543,1.57124,0.72581,none
31_03_25_14_07_57_001.wav,31_03_25_14_07_57_001_0002,2.17868,2.6584,0.4797199999999999,up
31_03_25_14_07_57_001.wav,31_03_25_14_07_57_001_0003,3.02598,4.426,1.40002,yawright
31_03_25_14_07_57_001.wav,31_03_25_14_07_57_001_0004,4.426,5.1222,0.6962000000000002,yawright
31_03_25_14_07_57_001.wav,31_03_25_14_07_57_001_0005,8.1695,8.80809,0.6385900000000007,forward
31_03_25_14_07_57_001.wav,31_03_25_14_07_57_001_0006,10.9425,12.712,1.769499999999999,none
31_03_25_14_07_57_001.wav,31_03_25_14_07_57_001_0007,14.00418,14.5642,0.5600199999999997,none
31_03_25_14_07_57_001.wav,31_03_25_14_07_57_001_0008,14.5642,15.51517,0.95097,forward
31_03_25_14_07_57_001.wav,31_03_25_14_07_57_001_0009,16.72923,18.34802,1.6187900000000006,none
31_03_25_14_07_57_001.wav,31_03_25_14_07_57_001_0010,19.79207,20.46216,0.6700900000000019,none
31_03_25_14_07_57_001.wav,31_03_25_14_07_57_001_0011,21.45508,21.5551,0.1000200000000006,none
31_03_25_14_07_57_001.wav,31_03_25_14_07_57_001_0012,21.5551,22.2751,0.7199999999999989,down
31_03_25_14_07_57_001.wav,31_03_25_14_07_57_001_0013,22.2751,22.75112,0.4760200000000019,none
31_03_25_14_07_57_001.wav,31_03_25_14_07_57_001_0014,26.00663,26.807,0.8003699999999974,backward
31_03_25_14_07_57_001.wav,31_03_25_14_07_57_001_0015,27.48541,27.7054,0.2199899999999992,none
31_03_25_14_07_57_001.wav,31_03_25_14_07_57_001_0016,27.7054,28.1154,0.4100000000000001,backward
31_03_25_14_07_57_001.wav,31_03_25_14_07_57_001_0017,28.1154,28.86075,0.7453499999999984,none
31_03_25_14_07_57_001.wav,31_03_25_14_07_57_001_0018,29.60619,30.21126,0.6050699999999978,none
31_03_25_14_07_57_001.wav,31_03_25_14_07_57_001_0019,34.53041,35.69079,1.1603799999999964,none
31_03_25_14_07_57_001.wav,31_03_25_14_07_57_001_0020,37.04021,37.6202,0.5799899999999951,none
31_03_25_14_07_57_001.wav,31_03_25_14_07_57_001_0021,37.6202,40.05808,2.43788,yawright
31_03_25_14_07_57_001.wav,31_03_25_14_07_57_001_0022,42.39268,43.78723,1.3945500000000024,none
31_03_25_14_07_57_001.wav,31_03_25_14_07_57_001_0023,45.55808,47.40152,1.843440000000001,none
31_03_25_14_07_57_001.wav,31_03_25_14_07_57_001_0024,48.14198,48.612,0.4700200000000052,none
31_03_25_14_07_57_001.wav,31_03_25_14_07_57_001_0025,48.612,49.112,0.5,down
31_03_25_14_07_57_001.wav,31_03_25_14_07_57_001_0026,49.112,49.73847,0.6264699999999976,none
31_03_25_14_07_57_001.wav,31_03_25_14_07_57_001_0027,51.91337,52.0434,0.1300299999999978,none
31_03_25_14_07_57_001.wav,31_03_25_14_07_57_001_0028,52.0434,52.7893,0.7458999999999989,forward
31_03_25_14_07_57_001.wav,31_03_25_14_07_57_001_0029,55.22906,56.89071,1.6616500000000016,none
31_03_25_14_07_57_001.wav,31_03_25_14_07_57_001_0030,57.93019,58.0902,0.1600099999999997,none
31_03_25_14_07_57_001.wav,31_03_25_14_07_57_001_0031,58.0902,58.8036,0.7134,backward
31_03_25_14_07_57_001.wav,31_03_25_14_07_57_001_0032,59.2818,59.53509,0.2532899999999998,forward
31_03_25_14_07_57_001.wav,31_03_25_14_07_57_001_0033,60.66374,62.13385,1.4701100000000054,none
31_03_25_14_07_57_001.wav,31_03_25_14_07_57_001_0034,63.48235,63.7623,0.2799500000000066,none
31_03_25_14_07_57_001.wav,31_03_25_14_07_57_001_0035,63.7623,64.3123,0.54999999999999,down
31_03_25_14_07_57_001.wav,31_03_25_14_07_57_001_0036,64.3123,66.41589,2.103590000000011,none
31_03_25_14_07_57_001.wav,31_03_25_14_07_57_001_0037,67.08303,67.373,0.2899700000000109,none
31_03_25_14_07_57_001.wav,31_03_25_14_07_57_001_0038,67.373,68.40052,1.0275199999999955,yawleft
31_03_25_14_07_57_001.wav,31_03_25_14_07_57_001_0039,70.66621,71.50453,0.838319999999996,right
31_03_25_14_07_57_001.wav,31_03_25_14_07_57_001_0040,72.17006,72.29378,0.1237199999999916,none
31_03_25_14_07_57_001.wav,31_03_25_14_07_57_001_0041,72.64677,73.50036,0.853589999999997,none
31_03_25_14_07_57_001.wav,31_03_25_14_07_57_001_0042,74.16911,74.90113,0.7320199999999915,down
31_03_25_14_07_57_001.wav,31_03_25_14_07_57_001_0043,75.64131,76.7313,1.0899900000000002,yawright
31_03_25_14_07_57_001.wav,31_03_25_14_07_57_001_0044,76.7313,77.423,0.6916999999999973,yawleft
31_03_25_14_07_57_001.wav,31_03_25_14_07_57_001_0045,79.79098,82.19495,2.403970000000001,none
31_03_25_14_07_57_002.wav,31_03_25_14_07_57_002_0001,0.0,0.7955,0.7955,none
31_03_25_14_07_57_002.wav,31_03_25_14_07_57_002_0002,1.18867,1.56397,0.3753000000000002,none
31_03_25_14_07_57_002.wav,31_03_25_14_07_57_002_0003,2.11798,2.348,0.2300199999999996,none
31_03_25_14_07_57_002.wav,31_03_25_14_07_57_002_0004,2.348,2.718,0.3700000000000001,none
31_03_25_14_07_57_002.wav,31_03_25_14_07_57_002_0005,2.718,3.13218,0.41418,none
31_03_25_14_07_57_002.wav,31_03_25_14_07_57_002_0006,4.49959,6.1796,1.6800099999999991,none
31_03_25_14_07_57_002.wav,31_03_25_14_07_57_002_0007,6.1796,7.26355,1.0839500000000006,yawright
31_03_25_14_07_57_002.wav,31_03_25_14_07_57_002_0008,8.05883,10.09746,2.0386299999999995,yawright
31_03_25_14_07_57_002.wav,31_03_25_14_07_57_002_0009,15.75165,17.13965,1.388,none
31_03_25_14_07_57_002.wav,31_03_25_14_07_57_002_0010,17.96742,18.5274,0.5599799999999995,none
31_03_25_14_07_57_002.wav,31_03_25_14_07_57_002_0011,18.5274,19.15179,0.6243899999999982,forward
31_03_25_14_07_57_002.wav,31_03_25_14_07_57_002_0012,20.15586,21.36725,1.211389999999998,none
31_03_25_14_07_57_002.wav,31_03_25_14_07_57_002_0013,24.76496,25.95716,1.1921999999999997,none
31_03_25_14_07_57_002.wav,31_03_25_14_07_57_002_0014,27.11517,27.1852,0.0700299999999991,none
31_03_25_14_07_57_002.wav,31_03_25_14_07_57_002_0015,27.1852,27.6052,0.4200000000000017,down
31_03_25_14_07_57_002.wav,31_03_25_14_07_57_002_0016,27.6052,28.34868,0.7434800000000017,none
31_03_25_14_07_57_002.wav,31_03_25_14_07_57_002_0017,31.02662,32.36131,1.334690000000002,yawleft
31_03_25_14_07_57_002.wav,31_03_25_14_07_57_002_0018,35.60577229519431,36.34189288288248,0.7361205876881698,none
31_03_25_14_07_57_002.wav,31_03_25_14_07_57_002_0019,37.37101,37.981,0.6099900000000034,none
31_03_25_14_07_57_002.wav,31_03_25_14_07_57_002_0020,37.981,38.381,0.3999999999999986,backward
31_03_25_14_07_57_002.wav,31_03_25_14_07_57_002_0021,38.381,41.56423,3.183230000000002,none
31_03_25_14_07_57_002.wav,31_03_25_14_07_57_002_0022,46.38179,47.0618,0.6800099999999958,none
31_03_25_14_07_57_002.wav,31_03_25_14_07_57_002_0023,47.0618,47.5718,0.5100000000000051,backward
31_03_25_14_07_57_002.wav,31_03_25_14_07_57_002_0024,47.5718,48.22237,0.6505699999999948,yawright
31_03_25_14_07_57_002.wav,31_03_25_14_07_57_002_0025,48.97967,50.33209,1.3524200000000022,none
31_03_25_14_07_57_002.wav,31_03_25_14_07_57_002_0026,52.02365,52.148,0.1243499999999997,none
31_03_25_14_07_57_002.wav,31_03_25_14_07_57_002_0027,54.77710815760288,55.71259473778993,0.9354865801870532,up
31_03_25_14_07_57_002.wav,31_03_25_14_07_57_002_0028,56.814,58.53882,1.7248200000000011,yawright
31_03_25_14_07_57_002.wav,31_03_25_14_07_57_002_0029,61.08945,61.29835,0.2088999999999998,none
31_03_25_14_07_57_002.wav,31_03_25_14_07_57_002_0030,61.57871,61.9987,0.4199899999999985,none
31_03_25_14_07_57_002.wav,31_03_25_14_07_57_002_0031,61.9987,63.30460280171205,1.305902801712051,none
31_03_25_14_07_57_002.wav,31_03_25_14_07_57_002_0032,63.96383,64.95356,0.9897299999999944,yawright
31_03_25_14_07_57_002.wav,31_03_25_14_07_57_002_0033,65.27315,65.4363,0.1631500000000016,none
31_03_25_14_07_57_002.wav,31_03_25_14_07_57_002_0034,65.91484,66.76318,0.8483400000000074,yawright
31_03_25_14_07_57_002.wav,31_03_25_14_07_57_002_0035,67.45476,69.03885969305766,1.5840996930576663,none
31_03_25_14_07_57_002.wav,31_03_25_14_07_57_002_0036,69.03885969305766,69.4648,0.4259403069423371,forward
31_03_25_14_07_57_002.wav,31_03_25_14_07_57_002_0037,69.4648,70.02695,0.5621500000000026,down
31_03_25_14_07_57_002.wav,31_03_25_14_07_57_002_0038,73.4281,75.34773,1.919629999999998,yawright
31_03_25_14_07_57_002.wav,31_03_25_14_07_57_002_0039,75.64138,76.7614,1.120019999999997,none
31_03_25_14_07_57_002.wav,31_03_25_14_07_57_002_0040,76.7614,77.16947,0.4080700000000092,yawright
31_03_25_14_07_57_002.wav,31_03_25_14_07_57_002_0041,81.579,82.119,0.5400000000000063,none
31_03_25_14_07_57_002.wav,31_03_25_14_07_57_002_0042,82.119,83.34478,1.2257800000000003,yawleft
31_03_25_14_07_57_002.wav,31_03_25_14_07_57_002_0043,85.89638,86.9264,1.0300200000000077,none
31_03_25_14_07_57_002.wav,31_03_25_14_07_57_002_0044,86.9264,87.33563,0.4092299999999937,forward
31_03_25_14_07_57_002.wav,31_03_25_14_07_57_002_0045,89.17204,89.41939,0.2473500000000115,none
31_03_25_14_07_57_002.wav,31_03_25_14_07_57_002_0046,89.93429,90.1443,0.2100099999999969,none
31_03_25_14_07_57_002.wav,31_03_25_14_07_57_002_0047,90.1443,90.5843,0.4399999999999977,forward
31_03_25_14_07_57_002.wav,31_03_25_14_07_57_002_0048,90.5843,90.7743,0.1899999999999977,none
31_03_25_14_07_57_002.wav,31_03_25_14_07_57_002_0049,90.7743,91.1043,0.3299999999999983,forward
31_03_25_14_07_57_002.wav,31_03_25_14_07_57_002_0050,91.1043,92.03782,0.9335200000000016,backward
31_03_25_14_07_57_002.wav,31_03_25_14_07_57_002_0051,93.80903,94.99317,1.1841399999999993,backward
31_03_25_14_07_57_002.wav,31_03_25_14_07_57_002_0052,95.24842,95.79471,0.546289999999999,yawright
31_03_25_14_07_57_002.wav,31_03_25_14_07_57_002_0053,96.59671,97.55601,0.9592999999999988,none
31_03_25_14_07_57_002.wav,31_03_25_14_07_57_002_0054,99.30949,99.7495,0.4400100000000009,none
31_03_25_14_07_57_002.wav,31_03_25_14_07_57_002_0055,99.7495,100.53081,0.7813100000000048,up
31_03_25_14_07_57_002.wav,31_03_25_14_07_57_002_0056,100.93186,101.5419,0.6100399999999979,none
31_03_25_14_07_57_002.wav,31_03_25_14_07_57_002_0057,101.5419,102.25587,0.7139700000000033,yawleft
31_03_25_14_07_57_002.wav,31_03_25_14_07_57_002_0058,103.49038,103.8016,0.3112199999999916,none
31_03_25_14_07_57_002.wav,31_03_25_14_07_57_002_0059,104.09148,105.03882,0.947339999999997,up
31_03_25_14_07_57_002.wav,31_03_25_14_07_57_002_0060,105.60223,106.5322,0.9299699999999972,none
31_03_25_14_07_57_002.wav,31_03_25_14_07_57_002_0061,106.5322,107.06948247907484,0.5372824790748467,right
31_03_25_14_07_57_002.wav,31_03_25_14_07_57_002_0062,107.06948247907484,107.7172880186332,0.6478055395583624,none
31_03_25_14_07_57_002.wav,31_03_25_14_07_57_002_0063,109.00137,109.2395837823286,0.2382137823286001,none
31_03_25_14_07_57_002.wav,31_03_25_14_07_57_002_0064,109.2395837823286,109.5714,0.3318162176714025,right
31_03_25_14_07_57_002.wav,31_03_25_14_07_57_002_0065,109.5714,110.03065,0.4592499999999972,forward
31_03_25_14_07_57_002.wav,31_03_25_14_07_57_002_0066,110.671,111.2171,0.5460999999999956,none
31_03_25_14_07_57_002.wav,31_03_25_14_07_57_002_0067,111.51588,111.92143136605914,0.405551366059143,none
31_03_25_14_07_57_002.wav,31_03_25_14_07_57_002_0068,111.92143136605914,112.28038,0.3589486339408552,right
31_03_25_14_07_57_002.wav,31_03_25_14_07_57_002_0069,112.77521,114.14921,1.3739999999999952,none
31_03_25_14_07_57_003.wav,31_03_25_14_07_57_003_0001,0.0,0.72982,0.72982,none
31_03_25_14_07_57_003.wav,31_03_25_14_07_57_003_0002,2.12322,3.9032,1.77998,none
31_03_25_14_07_57_003.wav,31_03_25_14_07_57_003_0003,3.9032,5.378959374102318,1.475759374102318,none
31_03_25_14_07_57_003.wav,31_03_25_14_07_57_003_0004,5.378959374102318,6.78509,1.4061306258976822,yawright
31_03_25_14_07_57_003.wav,31_03_25_14_07_57_003_0005,7.49566,9.32286,1.8272000000000004,none
31_03_25_14_07_57_003.wav,31_03_25_14_07_57_003_0006,11.63682,12.78341,1.1465899999999998,none
31_03_25_14_07_57_003.wav,31_03_25_14_07_57_003_0007,13.99603,15.346,1.3499700000000008,none
31_03_25_14_07_57_003.wav,31_03_25_14_07_57_003_0008,15.346,16.89867,1.552669999999999,yawleft
31_03_25_14_07_57_003.wav,31_03_25_14_07_57_003_0009,18.26639,18.73024,0.4638499999999972,down
31_03_25_14_07_57_003.wav,31_03_25_14_07_57_003_0010,19.058,20.498,1.4400000000000013,none
31_03_25_14_07_57_003.wav,31_03_25_14_07_57_003_0011,20.498,20.90884,0.4108400000000003,forward
31_03_25_14_07_57_003.wav,31_03_25_14_07_57_003_0012,23.61383,24.27887,0.6650400000000012,none
31_03_25_14_07_57_003.wav,31_03_25_14_07_57_003_0013,24.94571,25.25964,0.3139300000000027,none
31_03_25_14_07_57_003.wav,31_03_25_14_07_57_003_0014,26.06995,26.1299,0.0599500000000006,none
31_03_25_14_07_57_003.wav,31_03_25_14_07_57_003_0015,26.1299,26.4499,0.3200000000000003,forward
31_03_25_14_07_57_003.wav,31_03_25_14_07_57_003_0016,26.4499,27.0999,0.6500000000000021,none
31_03_25_14_07_57_003.wav,31_03_25_14_07_57_003_0017,27.0999,27.84693,0.7470299999999988,yawleft
31_03_25_14_07_57_003.wav,31_03_25_14_07_57_003_0018,29.3119,29.93137,0.6194699999999997,forward
31_03_25_14_07_57_003.wav,31_03_25_14_07_57_003_0019,30.63696,30.797,0.1600400000000021,none
31_03_25_14_07_57_003.wav,31_03_25_14_07_57_003_0020,30.797,31.527,0.7300000000000004,down
31_03_25_14_07_57_003.wav,31_03_25_14_07_57_003_0021,31.527,32.06342,0.5364199999999997,backward
31_03_25_14_07_57_003.wav,31_03_25_14_07_57_003_0022,36.371,37.331,0.9600000000000009,none
31_03_25_14_07_57_003.wav,31_03_25_14_07_57_003_0023,37.331,37.7648,0.4337999999999979,forward
31_03_25_14_07_57_003.wav,31_03_25_14_07_57_003_0024,39.217,39.507,0.2899999999999991,forward
31_03_25_14_07_57_003.wav,31_03_25_14_07_57_003_0025,39.507,39.697,0.1900000000000048,none
31_03_25_14_07_57_003.wav,31_03_25_14_07_57_003_0026,39.697,40.177,0.4799999999999969,yawleft
31_03_25_14_07_57_003.wav,31_03_25_14_07_57_003_0027,40.177,40.53052,0.3535200000000031,yawright
31_03_25_14_07_57_003.wav,31_03_25_14_07_57_003_0028,41.21019,41.31023,0.1000399999999999,none
31_03_25_14_07_57_003.wav,31_03_25_14_07_57_003_0029,43.23246,43.66226,0.4298000000000002,none
31_03_25_14_07_57_003.wav,31_03_25_14_07_57_003_0030,44.05888,44.97,0.9111199999999968,none
31_03_25_14_07_57_004.wav,31_03_25_14_07_57_004_0001,0.937,1.84195,0.90495,none
31_03_25_14_07_57_004.wav,31_03_25_14_07_57_004_0002,2.23508,3.698343180568284,1.4632631805682843,none
31_03_25_14_07_57_004.wav,31_03_25_14_07_57_004_0003,3.698343180568284,4.31957,0.6212268194317154,up
31_03_25_14_07_57_004.wav,31_03_25_14_07_57_004_0004,6.119,6.4733365315183775,0.3543365315183777,up
31_03_25_14_07_57_004.wav,31_03_25_14_07_57_004_0005,6.4733365315183775,7.02367,0.5503334684816226,none
31_03_25_14_07_57_004.wav,31_03_25_14_07_57_004_0006,7.59965,8.456490501473947,0.8568405014739477,forward
31_03_25_14_07_57_004.wav,31_03_25_14_07_57_004_0007,8.456490501473947,11.1196,2.663109498526053,yawright
31_03_25_14_07_57_004.wav,31_03_25_14_07_57_004_0008,14.94652,16.13512,1.188600000000001,none
31_03_25_14_07_57_004.wav,31_03_25_14_07_57_004_0009,17.62828,19.21364,1.5853600000000014,yawleft
31_03_25_14_07_57_004.wav,31_03_25_14_07_57_004_0010,21.69668,22.219,0.5223200000000006,none
31_03_25_14_07_57_004.wav,31_03_25_14_07_57_004_0011,22.46974,23.11879,0.649049999999999,none
31_03_25_14_07_57_004.wav,31_03_25_14_07_57_004_0012,23.60903,24.49967,0.8906399999999977,none
31_03_25_14_07_57_004.wav,31_03_25_14_07_57_004_0013,25.08166,25.73189580152228,0.6502358015222818,none
31_03_25_14_07_57_004.wav,31_03_25_14_07_57_004_0014,25.73189580152228,26.31028,0.5783841984777176,right
31_03_25_14_07_57_004.wav,31_03_25_14_07_57_004_0015,27.69599,29.14829311258637,1.452303112586371,none
31_03_25_14_07_57_004.wav,31_03_25_14_07_57_004_0016,29.14829311258637,29.5954,0.4471068874136321,forward
31_03_25_14_07_57_004.wav,31_03_25_14_07_57_004_0017,31.09893,31.336375405415644,0.2374454054156451,none
31_03_25_14_07_57_004.wav,31_03_25_14_07_57_004_0018,31.336375405415644,32.64488,1.308504594584356,down
31_03_25_14_07_57_004.wav,31_03_25_14_07_57_004_0019,34.805,36.18691602906589,1.3819160290658845,none
31_03_25_14_07_57_004.wav,31_03_25_14_07_57_004_0020,36.18691602906589,36.55311749766634,0.3662014686004582,down
31_03_25_14_07_57_004.wav,31_03_25_14_07_57_004_0021,36.55311749766634,38.58525,2.03213250233366,none
31_03_25_14_07_57_004.wav,31_03_25_14_07_57_004_0022,43.01949,43.422735049948685,0.403245049948687,down
31_03_25_14_07_57_004.wav,31_03_25_14_07_57_004_0023,43.422735049948685,44.60271755988348,1.1799825099347956,none
31_03_25_14_07_57_004.wav,31_03_25_14_07_57_004_0024,44.60271755988348,44.96891902848394,0.3662014686004582,forward
31_03_25_14_07_57_004.wav,31_03_25_14_07_57_004_0025,44.96891902848394,45.2618802033643,0.2929611748803609,none
31_03_25_14_07_57_004.wav,31_03_25_14_07_57_004_0026,45.2618802033643,45.8239,0.5620197966357026,forward
31_03_25_14_07_57_004.wav,31_03_25_14_07_57_004_0027,46.54343,48.7381,2.194670000000002,none
